"epoch","learning_rate","total_loss","pde_loss","initial_condition_loss","data_loss","regularization_loss","validation_mse","relative_l2_error","gradient_norm"
"0","0.001","1.018268937268","0.227253346436","0.088405186103","0.055832622213","0.002516868533","0.035022","0.2165","2.418"
"10","0.001","0.967277955903","0.21733883306","0.083698987543","0.053548325066","0.002473489668","0.034626904814","0.2146551034","2.3960198283"
"20","0.001","0.967508302971","0.218700354726","0.083453239464","0.054104688219","0.002500020444","0.034236277372","0.212827329","2.3742507371"
"30","0.001","0.957269777039","0.217541546136","0.082319158773","0.054100217375","0.00246346537","0.033850066321","0.2110164452","2.3526861644"
"40","0.001","0.951735614537","0.217319661045","0.081602776398","0.054379783872","0.002406649843","0.033468220881","0.2092222218","2.3313196213"
"50","0.001","0.915499270474","0.209967752025","0.078269234447","0.052901973619","0.002468244586","0.033090690844","0.2074444304","2.3101447181"
"60","0.001","0.904188779951","0.208254161697","0.077078989934","0.052852157145","0.00244630614","0.032717426565","0.2056828445","2.28915519"
"70","0.001","0.892433802826","0.206430277787","0.07585226435","0.052774121484","0.002422801553","0.032348378961","0.2039372394","2.2683449224"
"80","0.001","0.858312587648","0.199444397236","0.072727464134","0.0513496117","0.002405979288","0.031983499508","0.2022073922","2.2477079749"
"90","0.001","0.826048309944","0.192912962945","0.069765397493","0.049992500951","0.002341562891","0.031622740231","0.2004930824","2.2272386051"
"100","0.001","0.810817170348","0.19042560406","0.068240301007","0.049630633062","0.002320863591","0.031266053706","0.1987940915","2.2069312908"
"110","0.001","0.821574976775","0.194180370554","0.068887082242","0.050849432656","0.002379929926","0.03091339305","0.1971102032","2.1867807512"
"120","0.001","0.794402249017","0.189093839663","0.066342027568","0.049699105655","0.002353032415","0.030564711924","0.1954412036","2.1667819666"
"130","0.001","0.771664885666","0.185118852576","0.064168989968","0.048780361689","0.002357081388","0.030219964521","0.1937868812","2.1469301972"
"140","0.001","0.776857925912","0.187935325253","0.064312103657","0.049601790056","0.002308632028","0.029879105566","0.192147027","2.1272209996"
"150","0.001","0.761852766128","0.18593747862","0.062777803632","0.049113070363","0.002325290739","0.029542090314","0.1905214346","2.1076502423"
"160","0.001","0.720147719077","0.177351746336","0.059061297407","0.046855340062","0.002258339269","0.029208874539","0.1889099002","2.0882141189"
"170","0.001","0.711826489822","0.176882434303","0.058103609298","0.046728456248","0.002249676426","0.028879414538","0.1873122227","2.0689091601"
"180","0.001","0.721423166295","0.180825167641","0.058615210805","0.047769147786","0.002259053228","0.028553667122","0.1857282041","2.0497322432"
"190","0.001","0.681544048604","0.172212958099","0.055130486787","0.045509875623","0.002238277406","0.02823158961","0.1841576489","2.0306806001"
"200","0.001","0.685790966053","0.174544707707","0.055245562274","0.046173079643","0.002214068526","0.027913139832","0.1826003649","2.0117518231"
"210","0.001","0.680783904009","0.17434706968","0.054637255582","0.04621088663","0.002245972887","0.027598276117","0.1810561627","1.9929438685"
"220","0.001","0.644529137629","0.165888357395","0.051557653229","0.04410489801","0.00222073841","0.027286957296","0.179524856","1.9742550587"
"230","0.001","0.647124420243","0.167171557443","0.051621279638","0.044640151235","0.002239884208","0.026979142692","0.1780062619","1.9556840816"
"240","0.001","0.644755905738","0.166950185184","0.051316487409","0.044834838564","0.002156343384","0.026674792118","0.1765002005","1.9372299885"
"250","0.001","0.626814821633","0.162469937364","0.049802261356","0.043936440969","0.002213196473","0.026373865874","0.1750064952","1.9188921892"
"260","0.001","0.621695207263","0.161109631422","0.049334793198","0.04392396202","0.002128722488","0.026076324741","0.1735249729","1.900670446"
"270","0.001","0.591875542092","0.153185459067","0.046931413769","0.042144669735","0.002176826703","0.025782129979","0.1720554638","1.882564865"
"280","0.001","0.595376599067","0.153762500587","0.047189337072","0.042718751843","0.002127414249","0.025491243319","0.1705978015","1.8645758859"
"290","0.001","0.583335231411","0.150240366452","0.046228224535","0.042164984218","0.002159234792","0.025203626963","0.1691518232","1.8467042694"
"300","0.001","0.560736066871","0.143980108402","0.044438305699","0.040818705585","0.002145449638","0.024919243575","0.1677173695","1.8289510834"
"310","0.001","0.556885651728","0.142555968743","0.044136788621","0.040809553608","0.002104360539","0.024638056282","0.1662942848","1.8113176871"
"320","0.001","0.534775914908","0.1365199184","0.042385664745","0.03943300553","0.002117025131","0.024360028665","0.1648824169","1.7938057137"
"330","0.001","0.53871255802","0.137226544563","0.042692574537","0.039949720712","0.002083609326","0.024085124756","0.1634816174","1.776417051"
"340","0.001","0.523220675185","0.13309862511","0.041450060889","0.039000506849","0.002080269172","0.023813309036","0.1620917415","1.7591538217"
"350","0.001","0.520647729308","0.132393249726","0.041219194691","0.038986614135","0.002100084969","0.023544546426","0.1607126482","1.7420183611"
"360","0.001","0.505011630391","0.128505884436","0.039941526407","0.037968578693","0.002066666082","0.023278802285","0.1593442001","1.7250131944"
"370","0.001","0.495937420599","0.126421587262","0.039170925104","0.037418498711","0.002068444159","0.023016042406","0.1579862637","1.708141013"
"380","0.001","0.48033303127","0.122787890993","0.037874229724","0.036354272006","0.001989447444","0.022756233009","0.1566387093","1.6914046495"
"390","0.001","0.48430677939","0.124262442686","0.038110974979","0.036757369183","0.00204830947","0.02249934074","0.1553014108","1.6748070524"
"400","0.001","0.462480115961","0.119186136343","0.036310893778","0.035191263709","0.001993382866","0.022245332662","0.1539742461","1.6583512595"
"410","0.001","0.475584502304","0.123164436838","0.037247775669","0.036278512105","0.002009195975","0.021994176252","0.1526570968","1.6422854357"
"420","0.001","0.463608432039","0.120681753598","0.036215620511","0.035454381157","0.002014262067","0.021745839397","0.1513498482","1.6276586948"
"430","0.001","0.458446574873","0.119955960547","0.035717483991","0.035154285507","0.001931413501","0.021500290389","0.1500523898","1.6131726079"
"440","0.001","0.451372733616","0.118694473678","0.035073248101","0.03471514476","0.001955798847","0.021257497919","0.1487646144","1.5988212805"
"450","0.001","0.433860083143","0.114618807364","0.033625070309","0.033480799932","0.00195134058","0.021017431071","0.1474864189","1.5845988893"
"460","0.001","0.432365776081","0.114701700378","0.033425521093","0.033493808918","0.001919358378","0.020780059321","0.146217704","1.5704997077"
"470","0.001","0.431792593568","0.114969552054","0.03330126304","0.033595633446","0.001948702159","0.020545352529","0.144958374","1.5565181325"
"480","0.001","0.416553571616","0.111262565901","0.032052182075","0.032569660929","0.001905772119","0.020313280934","0.1437083369","1.5426487081"
"490","0.001","0.407832920561","0.109230340135","0.031311200951","0.032062682349","0.001894929831","0.020083815148","0.1424675047","1.5288861511"
"500","0.001","0.407380792516","0.109373689546","0.031207342855","0.032219818199","0.001863283296","0.019856926156","0.1412357928","1.5152253739"
"510","0.001","0.391779042242","0.105426088294","0.029944202295","0.03118709427","0.001869418097","0.019632585304","0.1400131204","1.5016615065"
"520","0.001","0.383314701485","0.103393597458","0.029227024359","0.030723991456","0.001892196959","0.019410764299","0.1387994103","1.4881899177"
"530","0.001","0.377390799527","0.102070213579","0.028700021989","0.030467978305","0.001844257916","0.019191435199","0.1375945889","1.4748062349"
"540","0.001","0.3740670923","0.101499763608","0.028363885585","0.030425149131","0.001852031821","0.018974570414","0.1363985861","1.4615063621"
"550","0.001","0.367302648763","0.100064322696","0.027758280792","0.030102270687","0.001867370009","0.018760142695","0.1352113353","1.448286497"
"560","0.001","0.362061667897","0.099125788479","0.0272583615","0.029900222177","0.001865415419","0.018548125134","0.1340327734","1.4351431455"
"570","0.001","0.357541219342","0.09847852554","0.026801937073","0.029752850234","0.001792187022","0.018338491151","0.1328628405","1.4220731353"
"580","0.001","0.353044737517","0.097935220333","0.026336135539","0.029601301344","0.001848085603","0.018131214499","0.1317014803","1.4090736271"
"590","0.001","0.344380660098","0.096319885574","0.025550836492","0.029090776849","0.001791731234","0.017926269251","0.1305486397","1.3961421243"
"600","0.001","0.341763419871","0.096471515152","0.025206280529","0.029082359248","0.001812161249","0.017723629796","0.1294042686","1.3832764805"
"610","0.001","0.331571294105","0.094536823898","0.024298307569","0.028420313606","0.001753924602","0.017523270836","0.1282683204","1.3704749051"
"620","0.001","0.319050662021","0.091936225425","0.023222508908","0.027544535417","0.001756220537","0.017325167382","0.1271407512","1.3577359667"
"630","0.001","0.315645719017","0.091952964744","0.022813008962","0.027447478827","0.0017464333","0.017129294742","0.1260215204","1.3450585947"
"640","0.001","0.316957973233","0.093349835548","0.022743275001","0.027762837327","0.001768168282","0.016935628524","0.1249105901","1.3324420788"
"650","0.001","0.304641699378","0.090682853053","0.021702093631","0.02688296076","0.001765613748","0.016744144626","0.1238079255","1.319886066"
"660","0.001","0.303131556488","0.091148487677","0.021441589799","0.026955434483","0.001719869274","0.016554839462","0.1227134944","1.307390556"
"670","0.001","0.291014703162","0.088320801119","0.020443655039","0.026084729782","0.001756705461","0.016368410626","0.1216272673","1.2949558949"
"680","0.001","0.298778724371","0.091430509737","0.020853037485","0.027004457549","0.001722843134","0.016184091725","0.1205492173","1.2825827657"
"690","0.001","0.28504468428","0.087849795504","0.019774336404","0.025988548851","0.001737426563","0.016001858047","0.11947932","1.2702721785"
"700","0.001","0.282035804988","0.087433072653","0.019457609525","0.025949903772","0.001700047678","0.015821685152","0.1184175535","1.2580254573"
"710","0.001","0.275509519673","0.085801225245","0.018912968393","0.025591867652","0.001674580757","0.015643548874","0.1173638981","1.2458442259"
"720","0.001","0.276473824658","0.086387642938","0.0188956156","0.025936321294","0.001677497706","0.015467425318","0.1163183365","1.2337303922"
"730","0.001","0.27137333252","0.084976295469","0.018475414129","0.025717963291","0.001677908009","0.01529329086","0.1152808533","1.2216861299"
"740","0.001","0.261256024753","0.081899717878","0.017726712526","0.025017201834","0.001680391204","0.015121122144","0.1142514355","1.2097138601"
"750","0.001","0.261665715464","0.082050630979","0.017702288646","0.025320167982","0.001652334615","0.014950896082","0.1132300715","1.1978162302"
"760","0.001","0.253363966212","0.07941875144","0.017095933848","0.024774395785","0.001615031058","0.014782589854","0.1122167522","1.185996092"
"770","0.001","0.2461999416","0.077114291305","0.016573075802","0.024323357284","0.001600795054","0.014616180905","0.1112114696","1.1742564793"
"780","0.001","0.241605210595","0.075604951326","0.016227292938","0.024110551219","0.001608893412","0.014451646946","0.1102142176","1.1626005833"
"790","0.001","0.233142104012","0.072893199296","0.015624292328","0.023492477532","0.001584979658","0.014288965951","0.1092249918","1.1510317279"
"800","0.001","0.232899344485","0.072772445957","0.015572797148","0.023685811712","0.001580377563","0.014128116158","0.1082437889","1.1395533444"
"810","0.001","0.229899814877","0.071819613886","0.015335707934","0.023585560779","0.001619635072","0.013969076065","0.107270607","1.1281689447"
"820","0.001","0.222792837319","0.069618982915","0.01482396146","0.023044076587","0.001604784179","0.013811824433","0.1063054456","1.1173721862"
"830","0.001","0.220519138809","0.06896461896","0.014632929746","0.02298358153","0.001570958691","0.013656340279","0.1053483049","1.1077215149"
"840","0.001","0.223605844125","0.070022063495","0.014795062885","0.023471582943","0.001590313781","0.013502602882","0.1043991864","1.0981636048"
"850","0.001","0.212293162502","0.066594759283","0.014004224461","0.022432751353","0.001548050132","0.013350591776","0.1034777586","1.0886930162"
"860","0.001","0.214570366518","0.067445150363","0.014110676621","0.022816063578","0.001570781767","0.013200286752","0.1026557617","1.0793043801"
"870","0.001","0.213742145359","0.067328793364","0.014012603177","0.022864763816","0.001538085758","0.013051667853","0.1018416166","1.0699924246"
"880","0.001","0.205772201812","0.064952847899","0.013449080162","0.02214095563","0.001527916814","0.012904715378","0.1010351754","1.0607520008"
"890","0.001","0.201591889237","0.063749741794","0.013137656919","0.021816973505","0.001543183027","0.012759409877","0.1002362909","1.0515781072"
"900","0.001","0.200327347544","0.063439633632","0.013020193775","0.021807221509","0.001533144979","0.01261573215","0.0994448172","1.0424659147"
"910","0.001","0.201145823247","0.06375388444","0.013041799995","0.022028097479","0.001539262957","0.012473663245","0.0986606092","1.0334107888"
"920","0.001","0.198397643269","0.062896349507","0.012836462392","0.021862928961","0.001520118583","0.012333184459","0.0978835231","1.0244083127"
"930","0.001","0.189259253796","0.059970320667","0.012223232802","0.020992102768","0.001491656354","0.012194277334","0.0971134165","1.0154543075"
"940","0.001","0.192602533993","0.060958724571","0.012420698465","0.021509080982","0.001460023194","0.012056923657","0.096350148","1.0065448519"
"950","0.001","0.186403932954","0.05889143527","0.012006203937","0.020965324623","0.00148792562","0.011921105454","0.095593578","0.9976763003"
"960","0.001","0.183140067289","0.05772869844","0.011783855114","0.020750631124","0.001458125076","0.011786804996","0.0948435682","0.9888452991"
"970","0.001","0.180151950058","0.056639882945","0.011580856325","0.020567114681","0.001454448903","0.011654004789","0.0940999822","0.9800488017"
"980","0.001","0.172591414763","0.054117580855","0.011084446752","0.019855810419","0.001454426288","0.011522687578","0.0933626852","0.9712840812"
"990","0.001","0.169919007095","0.053146276846","0.010901198768","0.019699298773","0.001419194582","0.011392836343","0.0926315441","0.962548742"
"1000","0.001","0.167368955055","0.05224083453","0.010723324308","0.019551458855","0.001433777971","0.011264434295","0.0919064279","0.9538407285"
"1010","0.001","0.168901357613","0.052648637631","0.010802937038","0.019876582209","0.001435036481","0.011137464876","0.0911872076","0.9451583328"
"1020","0.001","0.165079086717","0.051438363188","0.010534990673","0.019564373224","0.001423830596","0.011011911758","0.0904737561","0.9365001997"
"1030","0.001","0.163761053715","0.051069493309","0.010421348839","0.019537657778","0.001428302874","0.010887758837","0.0897659486","0.9278653304"
"1040","0.001","0.155740796268","0.048672890694","0.009876243617","0.018695766571","0.001430678146","0.010764990234","0.0890636626","0.9192530829"
"1050","0.001","0.1560091358","0.048930859031","0.00985159702","0.018834177216","0.001423478949","0.010643590292","0.0883667777","0.910663172"
"1060","0.001","0.148589737859","0.046835731119","0.009336798024","0.018030585305","0.001374458663","0.010523543571","0.0876751762","0.9020956655"
"1070","0.001","0.150543236807","0.047750197569","0.009406380469","0.018352090586","0.001385960779","0.01040483485","0.0869887426","0.8935509799"
"1080","0.001","0.145680236142","0.046551746804","0.009045641149","0.017833111432","0.001369299518","0.010287449119","0.0863073641","0.8850298729"
"1090","0.001","0.141242020069","0.045511298173","0.008710575171","0.017355045661","0.001355203952","0.010171371581","0.0856309304","0.8765334345"
"1100","0.001","0.14273595436","0.046407821844","0.008739346376","0.0175997608","0.001372031152","0.010056587648","0.0849593341","0.8680630764"
"1110","0.001","0.139894786779","0.045911039448","0.008501293579","0.017306509047","0.001363512922","0.009943082936","0.0842924701","0.8596205188"
"1120","0.001","0.136023983219","0.045062869306","0.008203031949","0.01688232186","0.001337553309","0.009830843264","0.0836302366","0.851207776"
"1130","0.001","0.136992107127","0.045803607125","0.008198407289","0.017058671417","0.001323456104","0.009719854652","0.0829725343","0.8428271403"
"1140","0.001","0.131249421923","0.044269927213","0.007795775173","0.016400036661","0.001323833676","0.009610103316","0.082319267","0.8344811638"
"1150","0.001","0.12973428053","0.044116476403","0.007649809601","0.016270635803","0.001337361633","0.009501575665","0.0816703412","0.8261726394"
"1160","0.001","0.127006107213","0.043508521578","0.007437043994","0.015992180954","0.001296225519","0.009394258302","0.0810256667","0.8179045797"
"1170","0.001","0.126854253657","0.043741214603","0.007379561882","0.016042162781","0.001329982225","0.009288138015","0.0803851561","0.8096801955"
"1180","0.001","0.127254074059","0.044128870851","0.007357584656","0.016167799869","0.001282615408","0.009183201776","0.0797487253","0.8015028721"
"1190","0.001","0.120908962192","0.04213217878","0.006950905564","0.015437821807","0.001280619282","0.00907943674","0.0791162932","0.7933761454"
"1200","0.001","0.122439603422","0.042841650188","0.007001631407","0.015714722207","0.00128186671","0.008976830239","0.0784877817","0.7853036771"
"1210","0.001","0.116184769069","0.040796014164","0.00661097331","0.0149919753","0.001300547851","0.008875369781","0.0778631162","0.777289229"
"1220","0.001","0.115371072771","0.040635305888","0.006533873369","0.014968008341","0.001276742195","0.008775043044","0.0772422251","0.7693366362"
"1230","0.001","0.114650535383","0.04049578341","0.006463734039","0.014954875982","0.001256569098","0.008675837875","0.07662504","0.7621848258"
"1240","0.001","0.112849967792","0.039969768514","0.006333986429","0.014797312873","0.001233853654","0.008577742285","0.0760114958","0.7559013442"
"1250","0.001","0.107614824134","0.038224363129","0.006013233547","0.014181322861","0.001260833459","0.008480744446","0.0754015307","0.7496779811"
"1260","0.001","0.108116256399","0.038522022287","0.006013841384","0.01431391747","0.001262683733","0.008384832689","0.0747950861","0.7435096071"
"1270","0.001","0.106372751035","0.038032293721","0.005889136904","0.014143328022","0.001237004803","0.008289995498","0.0741921067","0.7373911655"
"1280","0.001","0.107177026293","0.038468640401","0.005904794689","0.014305291071","0.001209177151","0.008196221509","0.0735925404","0.7313176976"
"1290","0.001","0.102465030842","0.036934872735","0.005616611885","0.013723409503","0.001214877475","0.008103499506","0.0729963386","0.725284369"
"1300","0.001","0.103400121546","0.037444812657","0.005638275987","0.013891238158","0.001224375807","0.008011818414","0.0724034557","0.7192864941"
"1310","0.001","0.100672537401","0.036634740364","0.005460248816","0.013562353982","0.001227553395","0.007921167302","0.0718138494","0.7133195603"
"1320","0.001","0.099705075588","0.036462745368","0.00537874259","0.01346679068","0.001220348014","0.007831575837","0.0712274809","0.707379251"
"1330","0.001","0.098837781815","0.03632145813","0.005303645121","0.013383346142","0.001214350159","0.007743713999","0.0706443144","0.7014614673"
"1340","0.001","0.097230821928","0.03589428392","0.005190571004","0.013199989187","0.001198619389","0.007656848334","0.0700643172","0.6955623494"
"1350","0.001","0.09558161728","0.035429509568","0.005077668333","0.013012736257","0.001165666076","0.007570966712","0.0694874601","0.6896782951"
"1360","0.001","0.0919740993","0.034208237615","0.004863987241","0.012561389091","0.001188012094","0.007486057139","0.0689137169","0.683805978"
"1370","0.001","0.09192932809","0.034279917625","0.004841962978","0.012601459732","0.001151704733","0.007402107749","0.0683430645","0.6779423638"
"1380","0.001","0.091233987658","0.034076114901","0.004788369205","0.012559515676","0.001164560586","0.007319106812","0.0677754829","0.6720847245"
"1390","0.001","0.088832346353","0.033199359126","0.004648425862","0.0122893058","0.001162163225","0.007237042726","0.0672109552","0.6662306516"
"1400","0.001","0.08934478052","0.033376642001","0.004663926743","0.012430196412","0.001142995383","0.007155904027","0.0666494674","0.6603780663"
"1410","0.001","0.087227626034","0.032538661403","0.00454474813","0.012213140701","0.001126853647","0.007075679382","0.0660910087","0.6545252292"
"1420","0.001","0.084717787576","0.03152713821","0.004407582302","0.011945728386","0.001139836739","0.006996357593","0.0655355709","0.6486707469"
"1430","0.001","0.08316840818","0.030852157536","0.004322279793","0.011817863922","0.001121641797","0.006917927598","0.064983149","0.6428135771"
"1440","0.001","0.083217953371","0.030753010139","0.004321173766","0.011922723447","0.001146793455","0.006840378469","0.0644337405","0.6369530312"
"1450","0.001","0.08303490506","0.030556053536","0.00430841647","0.012000122805","0.001133555738","0.006763699413","0.0638873457","0.6310887757"
"1460","0.001","0.080906456262","0.029642152479","0.004194526775","0.011797854772","0.001130742843","0.006687879773","0.0633439678","0.6252208307"
"1470","0.001","0.078001053449","0.028454812522","0.004039687007","0.011478545387","0.001092679188","0.006612909031","0.0628036124","0.6193495666"
"1480","0.001","0.078240388312","0.028429125125","0.004046347095","0.011619715134","0.001091372889","0.006538776802","0.0622662878","0.6134756989"
"1490","0.001","0.074698221203","0.027049993121","0.003855683871","0.011194535737","0.00109535102","0.006465472839","0.0617320046","0.6076002808"
"1500","0.0005","0.075571154188","0.027294687756","0.003890795157","0.011426077771","0.001098851905","0.006392987034","0.0612007759","0.6017246941"
"1510","0.0005","0.073586464639","0.02653285824","0.003776260948","0.011221661438","0.001102665917","0.006321309414","0.0606726171","0.5958506378"
"1520","0.0005","0.07152935277","0.025773476601","0.003655981363","0.010998051795","0.001094757382","0.006250430143","0.0601475459","0.5899801151"
"1530","0.0005","0.071002335863","0.025592364261","0.003611769683","0.011003337521","0.001080785535","0.006180339524","0.0596255822","0.5841154185"
"1540","0.0005","0.069595046982","0.025118061569","0.003520765556","0.010866844491","0.001059422776","0.006111027996","0.0591067478","0.5782591137"
"1550","0.0005","0.070212146927","0.025395780496","0.003530173781","0.011042943533","0.001056088589","0.006042486136","0.0585910666","0.5724140209"
"1560","0.0005","0.068520211054","0.024854482424","0.00342199542","0.010852754104","0.001063411096","0.005974704658","0.0580785644","0.5665831957"
"1570","0.0005","0.066939522919","0.024362234567","0.003319158122","0.010675700267","0.001047297372","0.005907674413","0.0575692688","0.5607699082"
"1580","0.0005","0.06429577176","0.023484353343","0.00316427379","0.010324552753","0.001039896786","0.005841386388","0.0570632091","0.5549776202"
"1590","0.0005","0.064825102446","0.023764318473","0.003165977659","0.010481840811","0.00102014863","0.005775831707","0.0565604162","0.5492099629"
"1600","0.0005","0.063915070394","0.023512603091","0.003097537606","0.010407915224","0.001029361823","0.005711001629","0.0560609226","0.5434707117"
"1610","0.0005","0.061859459719","0.022828488241","0.002975067814","0.010146728376","0.00103364033","0.005646887549","0.0555647621","0.5377637618"
"1620","0.0005","0.062420149981","0.023098152251","0.00297966529","0.010316242213","0.00103120871","0.005583480995","0.0550719699","0.5320931021"
"1630","0.0005","0.060231894706","0.022337279425","0.002854436123","0.010032735388","0.001002321635","0.005520773633","0.0545825825","0.5264627889"
"1640","0.0005","0.059205971354","0.021992881779","0.002786293497","0.009941853309","0.000996163241","0.005458757258","0.0540966374","0.5218568069"
"1650","0.0005","0.058050482464","0.021587951842","0.002713646733","0.009828959738","0.000991714957","0.0053974238","0.0536141731","0.5178516936"
"1660","0.0005","0.057030027415","0.021223190293","0.002648764647","0.009737763412","0.001007482745","0.005336765319","0.053135229","0.5138843762"
"1670","0.0005","0.057485954795","0.021401685353","0.002653285723","0.009898853691","0.000970312408","0.005276774008","0.0526598454","0.509949939"
"1680","0.0005","0.056266820832","0.020953524816","0.002581082187","0.009769833343","0.000988850804","0.005217442188","0.0521880633","0.5060435409"
"1690","0.0005","0.055357815759","0.020622233882","0.002523887382","0.00968982203","0.000974977802","0.005158762307","0.0517199242","0.5021604415"
"1700","0.0005","0.052396298852","0.019531026421","0.00237409533","0.009241836436","0.000975514118","0.005100726944","0.0512948019","0.4982960265"
"1710","0.0005","0.053696056642","0.020037704665","0.002417587472","0.009538707195","0.000959141121","0.005043328799","0.0509451244","0.4944458323"
"1720","0.0005","0.05076477443","0.01897674987","0.002270538437","0.009076054844","0.00096347954","0.004986560701","0.0505990108","0.4906055703"
"1730","0.0005","0.050055112033","0.018758803227","0.002223377586","0.008999927679","0.000939659645","0.0049304156","0.0502563518","0.4867711498"
"1740","0.0005","0.049919033862","0.018771003552","0.002201292379","0.009018678253","0.000967389916","0.004874886567","0.0499170387","0.4829386992"
"1750","0.0005","0.048659762934","0.018375323689","0.002129527772","0.008825869038","0.000941351329","0.004819966794","0.0495809637","0.4791045874"
"1760","0.0005","0.049568500881","0.018813519671","0.002152243187","0.009018510322","0.000927023461","0.004765649589","0.0492480193","0.475265442"
"1770","0.0005","0.049409713618","0.018861443658","0.002127968591","0.009010147979","0.000929926089","0.00471192838","0.0489180993","0.4714181675"
"1780","0.0005","0.047732334261","0.018335746989","0.002038784582","0.008717903607","0.000945520866","0.004658796707","0.048591098","0.4675599607"
"1790","0.0005","0.046505787188","0.017982832394","0.001970024682","0.008502315556","0.000928400293","0.004606248222","0.0482669112","0.4636883258"
"1800","0.0005","0.046748452397","0.018198004881","0.001964256171","0.008551506666","0.000913814666","0.00455427669","0.0479454356","0.459801086"
"1810","0.0005","0.04578356391","0.017939230466","0.001908645761","0.008377404376","0.000906079005","0.004502875982","0.0476265691","0.4558963946"
"1820","0.0005","0.04452999255","0.017555739017","0.00184261276","0.008149448476","0.000917874206","0.004452040078","0.0473102109","0.4519727434"
"1830","0.0005","0.044136107637","0.017497865588","0.001813771664","0.008079226925","0.000922835021","0.004401763061","0.046996262","0.4480289696"
"1840","0.0005","0.045357629862","0.018069660246","0.001852407128","0.008306445896","0.000904374828","0.004352039115","0.0466846244","0.4440642606"
"1850","0.0005","0.044403990298","0.017760339681","0.001803507029","0.008137759818","0.000895465732","0.004302862526","0.046375202","0.440078156"
"1860","0.0005","0.043667409875","0.017519140667","0.001765219433","0.008011815848","0.00087899745","0.004254227676","0.0460679005","0.4360705488"
"1870","0.0005","0.041800992594","0.016805509769","0.001683080968","0.007681426091","0.000869594184","0.004206129042","0.0457626272","0.4320416836"
"1880","0.0005","0.042314533583","0.017032007619","0.001698260163","0.007791642715","0.00089805841","0.004158561194","0.0454592913","0.4279921532"
"1890","0.0005","0.041746589383","0.016809214447","0.001671169909","0.007706231744","0.000866804609","0.004111518793","0.0451578039","0.4239228926"
"1900","0.0005","0.041189735882","0.016578735448","0.00164553709","0.007625366734","0.000865361529","0.004064996585","0.0448580782","0.4198351717"
"1910","0.0005","0.04089663906","0.016445423492","0.00163118574","0.007595386375","0.000865008612","0.004018989404","0.0445600297","0.4157305859"
"1920","0.0005","0.038663239261","0.015526902229","0.001539978683","0.007205156431","0.000877291897","0.003973492165","0.0442635758","0.411611044"
"1930","0.0005","0.038769653309","0.015546998333","0.001542256845","0.007250758588","0.000846233189","0.003928499864","0.0439686362","0.4074787556"
"1940","0.0005","0.038762106146","0.015521847576","0.001539858546","0.007275248725","0.000851711636","0.003884007572","0.043675133","0.4033362155"
"1950","0.0005","0.037462894065","0.014983624452","0.001485855285","0.007055888742","0.00085942212","0.003840010438","0.0433829908","0.3991861872"
"1960","0.0005","0.036636779761","0.014641698468","0.00145022827","0.006923285861","0.00083263396","0.003796503679","0.0430921364","0.3950316843"
"1970","0.0005","0.036856817572","0.014725762439","0.001455353472","0.006986517841","0.000845059924","0.003753482586","0.0428024994","0.3908759514"
"1980","0.0005","0.035086480016","0.014023121173","0.001381260712","0.006669935351","0.00083701217","0.003711003207","0.0425140118","0.386722442"
"1990","0.0005","0.034599397551","0.01384183905","0.00135717014","0.006594638075","0.000824026775","0.003669701115","0.0422266083","0.3825747971"
"2000","0.0005","0.034400895532","0.013783881442","0.001343715374","0.006572784072","0.000811498585","0.003628869079","0.0419402262","0.3784368211"
"2010","0.0005","0.033410729787","0.013414499615","0.001298813723","0.006398298665","0.000827238888","0.003588500916","0.0416548057","0.3743124578"
"2020","0.0005","0.032976013053","0.0132719855","0.001275191573","0.006329535652","0.000819148935","0.003548590506","0.0413702895","0.3702057649"
"2030","0.0005","0.03335407932","0.013459324867","0.001282551699","0.006417469944","0.000813594827","0.003509131797","0.0410866235","0.3661208886"
"2040","0.0005","0.03343234256","0.013526311614","0.001277961696","0.006449426026","0.000819834073","0.003470118802","0.0408037561","0.3620620367"
"2050","0.0005","0.032418739252","0.013148256946","0.001231694442","0.006272598144","0.000802955211","0.003431545603","0.0405216389","0.359258036"
"2060","0.0005","0.031169108756","0.012667747202","0.001176980464","0.006051799464","0.000781864347","0.003393406349","0.0402402261","0.3567944106"
"2070","0.0005","0.031671118472","0.012891984933","0.001188714598","0.006174375024","0.000785422018","0.003355695262","0.0399594751","0.3543532431"
"2080","0.0005","0.030489997483","0.012422520743","0.001137625471","0.005972295294","0.000803003484","0.003318406635","0.0396793462","0.3519297661"
"2090","0.0005","0.029568708677","0.012049676773","0.001096988092","0.005823596157","0.000773293062","0.003281534832","0.0393998027","0.3495192893"
"2100","0.0005","0.029180922216","0.011885017285","0.00107670243","0.005782890788","0.000794931143","0.003245074294","0.0391208108","0.3471172259"
"2110","0.0005","0.028590633189","0.011629672129","0.001049435825","0.005705148973","0.00077509988","0.003209019533","0.0388423398","0.3447191181"
"2120","0.0005","0.028055145057","0.011389479318","0.001024618166","0.005640578912","0.000785204097","0.003173365141","0.0385643621","0.3423206613"
"2130","0.0005","0.027556682419","0.011159115778","0.00100150779","0.00558521448","0.000768260091","0.003138105785","0.038286853","0.3399177286"
"2140","0.0005","0.027370691658","0.011051691876","0.000989931985","0.005594622327","0.000761041551","0.003103236211","0.0380097909","0.3375063928"
"2150","0.0005","0.027595792907","0.011108163065","0.0009931664","0.005689893765","0.000745799354","0.003068751241","0.0377331573","0.3350829486"
"2160","0.0005","0.026976624135","0.010825405037","0.000965892983","0.005611048038","0.000750317679","0.003034645781","0.0374569365","0.3326439323"
"2170","0.0005","0.026573402023","0.010633287303","0.000946250564","0.005575041557","0.000754787073","0.003000914816","0.037181116","0.3301861414"
"2180","0.0005","0.025308843402","0.010103137738","0.000895884374","0.00535416967","0.000737616907","0.00296755341","0.0369056863","0.3277066511"
"2190","0.0005","0.024998373859","0.009961938362","0.000879173757","0.005330412162","0.000742720187","0.002934556712","0.0366306407","0.3252028306"
"2200","0.0005","0.02456164918","0.009778789719","0.00085769985","0.005275835123","0.000750797872","0.002901919953","0.0363559757","0.3226723571"
"2210","0.0005","0.024043833175","0.009572324988","0.000833139485","0.005199284672","0.000746529709","0.002869638447","0.0360816905","0.3201132276"
"2220","0.0005","0.024433546759","0.009736261655","0.000839587553","0.005315435009","0.000743216844","0.00283770759","0.0358077872","0.3175237694"
"2230","0.0005","0.023909338086","0.009544363395","0.000814250878","0.005229167019","0.000721713358","0.002806122864","0.035534271","0.3149026486"
"2240","0.0005","0.023259884269","0.009308797362","0.000784679447","0.00511094569","0.000723279687","0.002774879834","0.0352611497","0.3122488765"
"2250","0.0005","0.022907270979","0.009196854255","0.000765243703","0.005054252828","0.000708785916","0.002743974151","0.0349884339","0.3095618134"
"2260","0.0005","0.022832239334","0.009199771958","0.000755138524","0.0050562389","0.000700083773","0.00271340155","0.0347161371","0.3068411717"
"2270","0.0005","0.022195142395","0.008976945359","0.000726715154","0.004931608843","0.000706253789","0.00268315785","0.0344442753","0.3040870157"
"2280","0.0005","0.022848297108","0.009276036526","0.000740720841","0.005092939897","0.000708401053","0.002653238956","0.0341728672","0.3012997596"
"2290","0.0005","0.022185373961","0.009038640424","0.000712339408","0.004960730323","0.000692278712","0.002623640856","0.0339019342","0.298480164"
"2300","0.0005","0.021805559469","0.008911354803","0.000693744933","0.004891587046","0.000686463417","0.002594359624","0.0336315","0.2956293298"
"2310","0.0005","0.021268785749","0.008713713858","0.000670854848","0.004787521949","0.000695018583","0.002565391418","0.0333615909","0.2927486902"
"2320","0.0005","0.020797601497","0.008536185652","0.00065078307","0.004698818482","0.000692356238","0.002536732479","0.0330922356","0.2898400011"
"2330","0.0005","0.021283013696","0.008745008737","0.000661148471","0.004827911413","0.000695007311","0.002508379133","0.0328234651","0.2869053288"
"2340","0.0005","0.020409547906","0.008389087839","0.000629852618","0.004649937309","0.000673316098","0.002480327786","0.0325553128","0.2839470372"
"2350","0.0005","0.020016932088","0.00822503731","0.000614081219","0.004581699811","0.000669530901","0.00245257493","0.032287814","0.2809677715"
"2360","0.0005","0.020364353919","0.008360310111","0.000621404018","0.004684027342","0.000677065161","0.002425117135","0.0320210063","0.277970442"
"2370","0.0005","0.020313885474","0.008328547709","0.000616842481","0.004695969388","0.000664383166","0.002397951054","0.0317549294","0.2749582052"
"2380","0.0005","0.019987462406","0.008181679715","0.00060416481","0.004643913276","0.000659429446","0.00237107342","0.0314896248","0.271934444"
"2390","0.0005","0.019608921148","0.008013436026","0.000590125085","0.004578625089","0.000654680665","0.002344481042","0.0312251359","0.2689027461"
"2400","0.0005","0.018988030184","0.007747805188","0.000568939275","0.004454692449","0.000667212221","0.002318170811","0.0309615079","0.2658668815"
"2410","0.0005","0.018624647117","0.007590461253","0.000555544457","0.004388789015","0.000664668333","0.002292139692","0.0306987877","0.2628307795"
"2420","0.0005","0.018348166696","0.007472575666","0.000544698037","0.004340947217","0.000658590691","0.002266384725","0.0304370238","0.2597985033"
"2430","0.0005","0.018549660604","0.007554125732","0.000547865399","0.004404026811","0.000657146125","0.002240903027","0.0301762663","0.2567742254"
"2440","0.0005","0.017979259836","0.007326393943","0.000528064945","0.004281257024","0.000646079649","0.002215691785","0.0299165665","0.2537622014"
"2450","0.0005","0.018201385867","0.007426940884","0.000531364467","0.004344707849","0.000646747763","0.002190748259","0.0296579772","0.2507667436"
"2460","0.0005","0.017937485721","0.007334158827","0.000520251847","0.004290000187","0.000631184077","0.002166069779","0.0294005525","0.2492612899"
"2470","0.0005","0.017236157041","0.007065799586","0.000496430239","0.004128417571","0.000628918823","0.002141653741","0.0291443472","0.247840443"
"2480","0.0005","0.017642715019","0.007254728782","0.000504425249","0.00423081181","0.000636652664","0.00211749761","0.0288894177","0.2464314434"
"2490","0.0005","0.017628312745","0.007273150905","0.000500197057","0.004231573725","0.000622479608","0.002093598916","0.0286358209","0.2450296274"
"2500","0.0005","0.016861999777","0.006980692743","0.000474744673","0.004051338157","0.000634241466","0.00206995525","0.0283836147","0.2436304121"
"2510","0.0005","0.016661807343","0.006920697159","0.000465475682","0.004007436581","0.000614985628","0.002046564267","0.0281328576","0.242229321"
"2520","0.0005","0.016736124194","0.006972424347","0.000463978129","0.004030514538","0.000610301028","0.002023423678","0.0278836089","0.2408220098"
"2530","0.0005","0.016559990162","0.006916270295","0.000455678179","0.003994692609","0.000625552127","0.002000531253","0.0276359283","0.2394042906"
"2540","0.0005","0.016032050888","0.006708313018","0.000438007782","0.003875636314","0.000622114215","0.001977884819","0.0273898758","0.2379721558"
"2550","0.0005","0.016142277908","0.006762271572","0.000438055234","0.003912941453","0.000615228628","0.001955482255","0.0272045076","0.2365218001"
"2560","0.0005","0.016169717235","0.006776296474","0.000436039253","0.003932711843","0.000603896955","0.001933321489","0.0270729166","0.2350496429"
"2570","0.0005","0.015878414773","0.006651282137","0.000425670455","0.003877132512","0.000607022479","0.001911400502","0.0269429022","0.2335523472"
"2580","0.0005","0.015663945765","0.006553615756","0.000417633719","0.003842198649","0.000596228141","0.00188971732","0.0268143732","0.2320268394"
"2590","0.0005","0.015016313958","0.00627079942","0.000398322503","0.003702022092","0.000590137967","0.001868270012","0.0266872386","0.2304703253"
"2600","0.0005","0.014445955422","0.006017816465","0.000381335994","0.00358095808","0.000601388734","0.001847056694","0.026561408","0.2288803065"
"2610","0.0005","0.014638975934","0.006081063022","0.000384634357","0.003649951996","0.000591005982","0.001826075517","0.0264367917","0.2272545934"
"2620","0.0005","0.01428216641","0.00591480981","0.000373522492","0.003582245632","0.000580821775","0.001805324673","0.0263133005","0.2255913176"
"2630","0.0005","0.014067712701","0.005808225075","0.000366176107","0.003549524571","0.000579191328","0.001784802391","0.0261908462","0.2238889415"
"2640","0.0005","0.013803945198","0.005683028429","0.000357533236","0.003503234516","0.000579910436","0.001764587856","0.0260693415","0.2221462667"
"2650","0.0005","0.013547622383","0.005563768093","0.000349046182","0.003457222041","0.000565177237","0.001745279024","0.0259487","0.22036244"
"2660","0.0005","0.013140864939","0.005386286665","0.000336633938","0.003370543913","0.000569090253","0.001726191715","0.0258288364","0.2185369571"
"2670","0.0005","0.013325512494","0.005455195092","0.000339259647","0.00343371838","0.000566265605","0.001707322555","0.0257096667","0.2166696652"
"2680","0.0005","0.012860932416","0.005262196205","0.000325238379","0.00332738828","0.000574676161","0.001688668202","0.0255911082","0.2147607622"
"2690","0.0005","0.012476235264","0.005105934902","0.00031324593","0.003239077257","0.000571703323","0.001670225347","0.0254730794","0.2128107951"
"2700","0.0005","0.012201353694","0.004998079531","0.000304016901","0.003177012966","0.000561950434","0.001651990718","0.0253555006","0.2108206555"
"2710","0.0005","0.012303285126","0.005047575722","0.000304128373","0.003211452707","0.000550336276","0.001633961079","0.0252382934","0.2087915736"
"2720","0.0005","0.012302701608","0.005057199016","0.000301632277","0.003217889685","0.000560985263","0.001616133235","0.0251213812","0.2067251097"
"2730","0.0005","0.012025384274","0.004954200837","0.000292409543","0.00315099372","0.000541650952","0.00159850403","0.025004689","0.2046231441"
"2740","0.0005","0.011611380602","0.004794444584","0.00028003827","0.003047472109","0.000542169333","0.001581070349","0.0248881439","0.2024878652"
"2750","0.0005","0.011442940822","0.004734940588","0.000273791879","0.003008183538","0.000538989063","0.001563829124","0.0247716745","0.2003217554"
"2760","0.0005","0.011253625241","0.004664929462","0.000267231456","0.002963609394","0.000543003785","0.001546777328","0.0246552119","0.1981275757"
"2770","0.0005","0.011088224672","0.00460239273","0.000261453563","0.002925909674","0.000533892714","0.001529911982","0.0245386887","0.1959083484"
"2780","0.0005","0.010919818033","0.004535622746","0.000255823674","0.002888156423","0.000537126194","0.001513230156","0.0244220401","0.1936673382"
"2790","0.0005","0.011026421188","0.004580054864","0.000256831551","0.002924302262","0.000526052129","0.001496728968","0.0243052033","0.1914080321"
"2800","0.0005","0.010796214294","0.004481327055","0.000250181666","0.002872139514","0.000522464207","0.001480405586","0.0241881177","0.1891341179"
"2810","0.0005","0.010508093424","0.00435571608","0.00024241047","0.002805202698","0.000528953449","0.00146425723","0.0240707252","0.1868494616"
"2820","0.0005","0.010350652424","0.004282067006","0.000237844935","0.002773722629","0.000524199742","0.001448281172","0.0239529701","0.1845580833"
"2830","0.0005","0.010244802501","0.004228031975","0.000234600888","0.002756497057","0.000521783376","0.00143247474","0.023834799","0.1822641332"
"2840","0.0005","0.010105712701","0.004159328353","0.000230692434","0.002730447047","0.000517430814","0.001416835315","0.0237161612","0.1799718655"
"2850","0.0005","0.009773577538","0.004011343196","0.000222448442","0.002651730219","0.000505148113","0.001401360334","0.0235970084","0.1776856129"
"2860","0.0005","0.00960997455","0.003933568728","0.000218070555","0.002617813191","0.000512159522","0.001386047291","0.0234772951","0.175586786"
"2870","0.0005","0.009473419247","0.003868589581","0.000214291815","0.002590284919","0.000506776689","0.001370893739","0.0233569782","0.1748621031"
"2880","0.0005","0.00940790559","0.003834901514","0.00021206295","0.002580973806","0.000503977082","0.001355897286","0.0232360176","0.1741465038"
"2890","0.0005","0.009468082479","0.003855177058","0.000212566827","0.002604872234","0.000506245672","0.001341055604","0.0231143757","0.1734353407"
"2900","0.0005","0.00928798994","0.00378075234","0.000207565964","0.002561143452","0.000499470849","0.001326366419","0.0229920178","0.1727240244"
"2910","0.0005","0.008940377721","0.003641334651","0.000198745705","0.002469429943","0.000493251596","0.001311827522","0.022868912","0.1720080497"
"2920","0.0005","0.008919226059","0.003637985852","0.000197098472","0.002466365388","0.000490434987","0.001297436761","0.0227450292","0.1712830215"
"2930","0.0005","0.009068643202","0.003707206115","0.000199076525","0.002509242823","0.000496065163","0.001283192047","0.0226203431","0.1705446802"
"2940","0.0005","0.008675134365","0.003556512151","0.000189058922","0.002400823125","0.000491614806","0.001269091352","0.0224948305","0.1697889259"
"2950","0.0005","0.008604203364","0.003539254422","0.0001860586","0.002381017427","0.000495400024","0.001255132708","0.0223684708","0.1690118418"
"2960","0.0005","0.008531884136","0.003522285318","0.000182992906","0.002360602045","0.000475250344","0.001241314209","0.0222412465","0.1682097169"
"2970","0.0005","0.008509510715","0.003525837776","0.000180968944","0.002354013918","0.000490051139","0.001227634011","0.022113143","0.1673790669"
"2980","0.0005","0.008405359053","0.003494768068","0.000177217468","0.002325315433","0.0004878094","0.001214090332","0.0219841485","0.1665166544"
"2990","0.0005","0.008583194868","0.003579821673","0.000179413151","0.002375555559","0.000473464668","0.001200681448","0.0218542542","0.1656195069"
"3000","0.0002","0.008295520686","0.003468526151","0.000171919409","0.002297977679","0.000467274647","0.001187405699","0.0217234542","0.164684934"
"3010","0.0002","0.008303814936","0.003478289459","0.000170652219","0.002303691096","0.000477108187","0.001174261484","0.0215917456","0.1637105422"
"3020","0.0002","0.008017649846","0.003361891462","0.000163433056","0.00222910107","0.000464232984","0.001161247262","0.0214591283","0.162694249"
"3030","0.0002","0.00793829604","0.003329273616","0.000160541931","0.002213320917","0.000470560278","0.001148361552","0.021325605","0.1616342936"
"3040","0.0002","0.007971148508","0.003341032405","0.000159980881","0.002230377929","0.000470216412","0.001135602931","0.0211911814","0.1605292473"
"3050","0.0002","0.008100097107","0.003390478911","0.000161369093","0.00227599398","0.000467447993","0.001122970034","0.021055866","0.1593780213"
"3060","0.0002","0.007954152915","0.003322668734","0.000157314239","0.00224563988","0.00045104473","0.001110461555","0.0209196701","0.1581798717"
"3070","0.0002","0.007753347159","0.003230475516","0.00015223648","0.00220031941","0.000450068998","0.001098076242","0.0207826078","0.156934404"
"3080","0.0002","0.007454768976","0.003096972651","0.000145308506","0.002127241648","0.000446580432","0.001085812899","0.020644696","0.1556415744"
"3090","0.0002","0.007455748009","0.003087831673","0.000144247564","0.002139660886","0.000444449545","0.001073670385","0.0205059543","0.1543016895"
"3100","0.0002","0.007491426924","0.003093046039","0.000143817246","0.002162199709","0.000454335223","0.001061647612","0.0203664048","0.1529154036"
"3110","0.0002","0.007285216973","0.002999198493","0.000138722223","0.002114466104","0.000454153763","0.001049743542","0.0202260724","0.1514837146"
"3120","0.0002","0.007154290873","0.002937880748","0.00013506265","0.002087676236","0.000439456954","0.001037957192","0.0200849846","0.1500079569"
"3130","0.0002","0.007249175334","0.002970768633","0.000135612674","0.002126105574","0.000434694939","0.001026287622","0.0199431714","0.1484897934"
"3140","0.0002","0.006930476675","0.002835803131","0.000128401365","0.002042080773","0.000434146686","0.001014733946","0.0198006652","0.1469312044"
"3150","0.0002","0.006824060081","0.002789612419","0.000125150609","0.002019269606","0.000433838095","0.001003295319","0.0196575008","0.1453344761"
"3160","0.0002","0.006877486851","0.002810346924","0.000124801742","0.002042939851","0.000431621401","0.000991970945","0.0195137156","0.1437021856"
"3170","0.0002","0.006709586034","0.002741840793","0.000120429219","0.002000006009","0.000430247839","0.000980760068","0.019369349","0.1420371855"
"3180","0.0002","0.006826142136","0.002790569873","0.000121166619","0.002041327492","0.000424807146","0.000969661974","0.0192244427","0.1403425864"
"3190","0.0002","0.006519636658","0.002666578977","0.00011443413","0.001955491466","0.000434744563","0.000958675989","0.0190790407","0.1386217378"
"3200","0.0002","0.006434380847","0.002633115228","0.000111698297","0.001935676161","0.000416500249","0.000947801477","0.0189331889","0.1368782076"
"3210","0.0002","0.00639366651","0.002617238579","0.000109804024","0.001929214489","0.000417400432","0.000937037838","0.0187869353","0.1351157606"
"3220","0.0002","0.006424353191","0.002629595604","0.000109203495","0.001944648783","0.000415645033","0.000926384505","0.0186403298","0.1333383354"
"3230","0.0002","0.006168062053","0.002523055421","0.000103838093","0.001873471448","0.000409471306","0.000915840943","0.0184934242","0.1315500207"
"3240","0.0002","0.006196409619","0.002531357592","0.000103391752","0.001889226021","0.000407898305","0.000905406648","0.018346272","0.1297550307"
"3250","0.0002","0.006239308072","0.002543641285","0.000103273644","0.001910281908","0.000405477091","0.000895081144","0.0181989283","0.127957679"
"3260","0.0002","0.006075573795","0.002469723917","9.9844444E-05","0.001868643968","0.000412837629","0.000884863981","0.0180514501","0.1261623533"
"3270","0.0002","0.005991001977","0.002426450463","9.784339E-05","0.001851818933","0.000407599706","0.000874754732","0.0179038955","0.1247955554"
"3280","0.0002","0.005928191644","0.002390488227","9.6302034E-05","0.001842146197","0.000406784998","0.000864752994","0.0177563242","0.1245529603"
"3290","0.0002","0.005763450553","0.002312412636","9.3202919E-05","0.001800891075","0.00040779553","0.00085485838","0.0176087974","0.1243141529"
"3300","0.0002","0.005649260648","0.002254226826","9.101028E-05","0.001775247471","0.000408037653","0.000845171684","0.017461377","0.1240745364"
"3310","0.0002","0.005591462916","0.00221849125","8.9794517E-05","0.001767122782","0.000393135504","0.000836251724","0.0173141267","0.1238295757"
"3320","0.0002","0.005550148641","0.00218945366","8.888608E-05","0.001763749939","0.000398143644","0.000827435877","0.0171671106","0.1235748239"
"3330","0.0002","0.005350693465","0.002099087413","8.5480302E-05","0.001709215431","0.000394048803","0.000818722096","0.0170203941","0.1233059477"
"3340","0.0002","0.005398927888","0.002107324824","8.6052179E-05","0.001732876957","0.00038701999","0.000810108348","0.0168740433","0.1230187529"
"3350","0.0002","0.005184619392","0.00201469775","8.2438713E-05","0.001670972708","0.000395287202","0.000801592624","0.0167281251","0.1227092083"
"3360","0.0002","0.00526984226","0.002040641631","8.3586988E-05","0.001704428854","0.000386143964","0.000793172933","0.0165827069","0.1223734692"
"3370","0.0002","0.005205586211","0.002010609902","8.2339637E-05","0.001688248132","0.000388701227","0.000784847306","0.0164378567","0.1220078998"
"3380","0.0002","0.005027867908","0.001939078912","7.928405E-05","0.00163381628","0.000379217479","0.000776613802","0.0162936428","0.1216090937"
"3390","0.0002","0.004909513691","0.001892620023","7.7152628E-05","0.001597280538","0.000375183784","0.000768470504","0.016150134","0.1211738941"
"3400","0.0002","0.004815556126","0.001857395105","7.5389297E-05","0.001567466595","0.000384675542","0.000760415524","0.0160860561","0.1206994116"
"3410","0.0002","0.004881269317","0.001885502846","7.6110796E-05","0.001588772236","0.00037217499","0.000752447003","0.0160551578","0.120183041"
"3420","0.0002","0.004749573436","0.001838473362","7.3738258E-05","0.001545000157","0.000369377832","0.000744563114","0.0160249112","0.1196224761"
"3430","0.0002","0.004781380881","0.001855519779","7.3900887E-05","0.001553906297","0.000379456076","0.000736762062","0.0159952334","0.1190157229"
"3440","0.0002","0.004724682249","0.001838665654","7.2695384E-05","0.001533793999","0.000376252279","0.000729042089","0.0159660417","0.1183611107"
"3450","0.0002","0.004660981239","0.001819015217","7.1395253E-05","0.001511424654","0.000366701479","0.000721401468","0.015937254","0.1176573019"
"3460","0.0002","0.004622305101","0.001808659592","7.0493988E-05","0.001497353756","0.000366297317","0.000713838515","0.0159087884","0.1169032993"
"3470","0.0002","0.004521378479","0.001773171501","6.8666258E-05","0.001463507243","0.000361604977","0.00070635158","0.015880564","0.1160984513"
"3480","0.0002","0.004453395624","0.00174961267","6.7365752E-05","0.001440849949","0.000358201323","0.000698939057","0.0158525006","0.1152424555"
"3490","0.0002","0.004398982194","0.001730330928","6.6294206E-05","0.001423167663","0.000354612644","0.000691599378","0.0158245188","0.1143353601"
"3500","0.0002","0.00443664941","0.001746224068","6.6625465E-05","0.001435876039","0.00036075665","0.000684331018","0.01579654","0.1133775627"
"3510","0.0002","0.004220340172","0.001661148444","6.3161202E-05","0.001366908584","0.000353923556","0.000677132499","0.0157684869","0.1123698083"
"3520","0.0002","0.004276255421","0.001682490003","6.3787011E-05","0.001386656728","0.000348424118","0.000670002382","0.0157402834","0.1113131838"
"3530","0.0002","0.004083139321","0.001605188681","6.0698544E-05","0.001325912578","0.00034934218","0.000662939279","0.0157118542","0.1102091111"
"3540","0.0002","0.004136099437","0.00162439247","6.126687E-05","0.001345331562","0.000357466293","0.000655941844","0.0156831259","0.1090593389"
"3550","0.0002","0.004126429808","0.001618983794","6.0887945E-05","0.001344564357","0.00034959169","0.00064900878","0.0156540262","0.1078659311"
"3560","0.0002","0.003929316344","0.001540285083","5.7726248E-05","0.001282507516","0.000346000417","0.00064213884","0.0156244843","0.1066312549"
"3570","0.0002","0.003940940539","0.001544056562","5.7612077E-05","0.001288349264","0.000346346268","0.000635330822","0.0155944312","0.1053579657"
"3580","0.0002","0.003818674719","0.001496107969","5.5509897E-05","0.001250046202","0.00034182699","0.000628583575","0.0155637995","0.1040489916"
"3590","0.0002","0.003868773954","0.001516658524","5.5878557E-05","0.00126777066","0.000343098399","0.000621895999","0.0155325234","0.1027075152"
"3600","0.0002","0.003837075386","0.001506167279","5.5020504E-05","0.001258241011","0.000338255807","0.00061526704","0.0155005393","0.1013369546"
"3610","0.0002","0.003771057569","0.001483125252","5.3636667E-05","0.00123693141","0.000344186282","0.000608695699","0.0154677853","0.0999409427"
"3620","0.0002","0.003679045833","0.001450687582","5.186431E-05","0.001206679984","0.000342379917","0.000602181025","0.0154342016","0.0985233054"
"3630","0.0002","0.00356590829","0.00141047909","4.9788946E-05","0.001169184378","0.000334106294","0.000595722117","0.0153997304","0.0970880383"
"3640","0.0002","0.00366525255","0.001454889721","5.065813E-05","0.00120116314","0.000335308318","0.000589318126","0.0153643162","0.0956392831"
"3650","0.0002","0.003513690741","0.001399827443","4.8048233E-05","0.001150790555","0.000329160378","0.000582968254","0.0153279056","0.0941813023"
"3660","0.0002","0.003569365372","0.001427203096","4.8280598E-05","0.001168437993","0.000326049786","0.000576671751","0.0152904475","0.0927184538"
"3670","0.0002","0.003434546996","0.001377846882","4.5946142E-05","0.00112389905","0.000328240613","0.000570427919","0.0152518932","0.0912551649"
"3680","0.0002","0.003485617207","0.001402374433","4.612377E-05","0.001140671471","0.000324540593","0.00056423611","0.0152121963","0.09046295"
"3690","0.0002","0.003410137784","0.001374973987","4.4645799E-05","0.001116518574","0.000321954543","0.000558095724","0.0151713132","0.0905463225"
"3700","0.0002","0.003474037037","0.001402615197","4.5019606E-05","0.001138694546","0.000322316967","0.000552006211","0.0151292023","0.0906296663"
"3710","0.0002","0.003312852442","0.001337936179","4.2514544E-05","0.001087706137","0.00032407068","0.000545967069","0.015085825","0.0907084218"
"3720","0.0002","0.003387339128","0.001367123227","4.3081104E-05","0.001114948624","0.00031441324","0.000539977843","0.0150411451","0.0907780953"
"3730","0.0002","0.003213959896","0.001294765277","4.0534446E-05","0.001061179009","0.000315053844","0.000534038124","0.0149951291","0.0908342849"
"3740","0.0002","0.003298568275","0.001325132578","4.1288025E-05","0.001093363048","0.000308692591","0.000528147551","0.0149477462","0.0908727061"
"3750","0.0002","0.003123751869","0.001250035015","3.8829255E-05","0.001039997535","0.00030865121","0.000522305805","0.0148989683","0.0908892172"
"3760","0.0002","0.003142001586","0.00125140955","3.8812995E-05","0.001051281247","0.000316620688","0.000516512614","0.0148487701","0.0908798431"
"3770","0.0002","0.003068059849","0.001215348186","3.768652E-05","0.001032075592","0.000310611367","0.000510767746","0.014797129","0.0908407984"
"3780","0.0002","0.003128713051","0.001232075053","3.8235926E-05","0.001058466596","0.000305069273","0.000505071011","0.0147440253","0.0907685098"
"3790","0.0002","0.003074623993","0.001203183208","3.739525E-05","0.001046119721","0.000309920306","0.000499422261","0.014689442","0.0906596365"
"3800","0.0002","0.002906123501","0.001129994969","3.5185743E-05","0.000994387063","0.000306199455","0.000493821384","0.0146333652","0.09051109"
"3810","0.0002","0.002932424274","0.001133145201","3.5350534E-05","0.001008928119","0.000308262491","0.000488268307","0.0145757835","0.0903200515"
"3820","0.0002","0.002945433344","0.001131492248","3.5356713E-05","0.001018716016","0.000301336874","0.000482762994","0.0145166887","0.0900839888"
"3830","0.0002","0.002917472099","0.00111464185","3.4870287E-05","0.001013882446","0.000304428587","0.000477305441","0.0144560752","0.0898006707"
"3840","0.0002","0.002803797811","0.001065968658","3.3364736E-05","0.00097858696","0.000303082229","0.000471895678","0.0143939404","0.0894681797"
"3850","0.0002","0.002864465819","0.001084464671","3.3937201E-05","0.001003676591","0.000298865472","0.000466533766","0.0143302845","0.0890849233"
"3860","0.0002","0.002699619556","0.001018317432","3.1839462E-05","0.000949109118","0.000292274922","0.000461219797","0.0142651106","0.088649643"
"3870","0.0002","0.002757833826","0.001037117615","3.2380575E-05","0.000972516317","0.000289713624","0.000455953887","0.0141984248","0.0881614212"
"3880","0.0002","0.002663014943","0.000998763189","3.1126071E-05","0.000941527143","0.000295247498","0.000450736182","0.0141302356","0.0876196867"
"3890","0.0002","0.002621356028","0.000980841709","3.050702E-05","0.000929064774","0.000286099936","0.000445566848","0.0140605547","0.0870242175"
"3900","0.0002","0.002702459298","0.00100893485","3.1322258E-05","0.000960035904","0.000289252977","0.000440446076","0.0139893966","0.086375142"
"3910","0.0002","0.002641569055","0.000983881873","3.0499361E-05","0.000940534374","0.000289073523","0.000435374077","0.0139167782","0.0856729376"
"3920","0.0002","0.002620994609","0.000973685599","3.0158094E-05","0.000935428988","0.000290077411","0.000430351078","0.0138427194","0.0849184278"
"3930","0.0002","0.00263048328","0.000974312117","3.0178187E-05","0.000941260484","0.000285494179","0.000425377324","0.0137672428","0.0841127772"
"3940","0.0002","0.002487035837","0.000917905763","2.8460503E-05","0.000892421152","0.000281431919","0.000420453075","0.0136903737","0.083257484"
"3950","0.0002","0.002537823728","0.000932844386","2.8985273E-05","0.000913546633","0.000277721099","0.000415578601","0.0136121398","0.0823543708"
"3960","0.0002","0.002498642294","0.000914094561","2.8494139E-05","0.000902537447","0.000278844667","0.000410875574","0.0135325715","0.081405574"
"3970","0.0002","0.002441886123","0.000888599258","2.7816279E-05","0.000885340184","0.00027463549","0.000406862961","0.0134517018","0.0804135303"
"3980","0.0002","0.002377354618","0.000860102562","2.7059921E-05","0.000865363733","0.000272709008","0.000402898989","0.0133695661","0.0793809625"
"3990","0.0002","0.002337311725","0.000840429018","2.6589011E-05","0.000854297027","0.000272507627","0.000398982236","0.0132862022","0.0783108626"
"4000","0.0002","0.002344086438","0.000837599159","2.6653952E-05","0.000860378389","0.000268808263","0.000395111292","0.0132016503","0.0772064743"
"4010","0.0002","0.002283176199","0.00081073327","2.5945552E-05","0.000841416016","0.000275449039","0.000391284756","0.0131159529","0.0760712733"
"4020","0.0002","0.002249062907","0.000793943774","2.5538403E-05","0.000832092036","0.000267385216","0.000387501245","0.0130291547","0.0749089465"
"4030","0.0002","0.002230498025","0.000783221752","2.529831E-05","0.000828167763","0.000263815041","0.00038375939","0.0129413026","0.0737233698"
"4040","0.0002","0.002217802411","0.000775234747","2.511095E-05","0.000825974783","0.000271789278","0.00038005784","0.0128524456","0.0725185852"
"4050","0.0002","0.002206252309","0.000768553712","2.4923523E-05","0.000823804546","0.000260359706","0.000376395266","0.0127626346","0.0712987763"
"4060","0.0002","0.002157739435","0.00074988562","2.4300532E-05","0.000807199539","0.000265025068","0.000372770357","0.0126719228","0.0700682435"
"4070","0.0002","0.002210904481","0.000767593084","2.4806231E-05","0.000828168682","0.000260852422","0.000369181828","0.0125803649","0.0688313784"
"4080","0.0002","0.002089403373","0.000725510994","2.3334552E-05","0.00078305886","0.000262767372","0.000365628417","0.0124880175","0.0675926371"
"4090","0.0002","0.002094622615","0.000728358229","2.3269516E-05","0.000784987962","0.000262631623","0.000362108891","0.012394939","0.0672684364"
"4100","0.0002","0.002101979672","0.000732764463","2.321382E-05","0.000787308105","0.000254249287","0.000358622042","0.0123011893","0.0675720872"
"4110","0.0002","0.002112140777","0.00073875995","2.3174514E-05","0.000790258561","0.000259687038","0.000355166694","0.0122068299","0.0678728946"
"4120","0.0002","0.002029854238","0.000712778846","2.2117419E-05","0.0007583785","0.000256828651","0.000351741702","0.0121119238","0.0681663276"
"4130","0.0002","0.001995859154","0.00070388304","2.1591346E-05","0.000744474332","0.000253384869","0.000348345952","0.0120165352","0.0684479247"
"4140","0.0002","0.002056057319","0.000728369324","2.2082229E-05","0.000765681666","0.000250766699","0.000344978366","0.0119207297","0.0687133206"
"4150","0.0002","0.001955687241","0.000695721435","2.085114E-05","0.000727071905","0.000254882899","0.0003416379","0.011824574","0.0689582711"
"4160","0.0002","0.002003467415","0.000715534282","2.1211952E-05","0.000743816886","0.000251218795","0.000338323548","0.0117281358","0.0691786784"
"4170","0.0002","0.001985137487","0.000711349209","2.0877435E-05","0.000736179422","0.000249966217","0.00033503434","0.0116314839","0.0693706149"
"4180","0.0002","0.00193093578","0.000693733005","2.0180074E-05","0.000715517812","0.0002485464","0.000331769347","0.0115346879","0.0695303463"
"4190","0.0002","0.00192326692","0.00069227861","1.998513E-05","0.000712445972","0.00024383127","0.000328527676","0.0114378182","0.0696543534"
"4200","0.0001","0.001912268425","0.000689035777","1.9767546E-05","0.000708413307","0.000247231607","0.00032530848","0.0113409458","0.0697393527"
"4210","0.0001","0.001850395617","0.000666945099","1.9040031E-05","0.000685831916","0.00023824002","0.000322110949","0.0112441423","0.0697823155"
"4220","0.0001","0.001792592995","0.000645821517","1.8369438E-05","0.000664928005","0.00024239659","0.000318934319","0.0111474798","0.0697804858"
"4230","0.0001","0.001769404003","0.000636848402","1.8067247E-05","0.000657049142","0.000244390841","0.000315777867","0.0110510307","0.069731396"
"4240","0.0001","0.001791037675","0.000643818502","1.8233189E-05","0.000666009555","0.000233932916","0.000312640915","0.0109548676","0.0696328818"
"4250","0.0001","0.001737277724","0.000623484319","1.76371E-05","0.000646888146","0.000236438679","0.000309522828","0.0109573782","0.0694830943"
"4260","0.0001","0.00177434103","0.000635800718","1.7970778E-05","0.000661628043","0.000233202198","0.000306423018","0.0109729644","0.0692805108"
"4270","0.0001","0.001736751293","0.000621418549","1.7551041E-05","0.000648404109","0.000231825315","0.000303340939","0.0109887681","0.0690239438"
"4280","0.0001","0.00167127457","0.000597279135","1.6853825E-05","0.000624568229","0.000231248843","0.000300276094","0.0110047101","0.0687125477"
"4290","0.0001","0.001678685914","0.00059950314","1.6895439E-05","0.000627806482","0.000230953964","0.000297228027","0.0110207116","0.0683458236"
"4300","0.0001","0.001619054435","0.00057804622","1.6263255E-05","0.000605718761","0.00023240361","0.000294196333","0.0110366943","0.0679236218"
"4310","0.0001","0.001600070156","0.000571422627","1.6042445E-05","0.000598648509","0.00023352074","0.000291180647","0.0110525801","0.067446143"
"4320","0.0001","0.001636122757","0.000584780914","1.6375871E-05","0.000612032894","0.000228553648","0.000288180655","0.011068292","0.0669139362"
"4330","0.0001","0.001567498051","0.000560858481","1.5662331E-05","0.0005860439","0.000227506951","0.000285196083","0.0110837534","0.0663278961"
"4340","0.0001","0.001592638081","0.000570655033","1.5891204E-05","0.000595078088","0.000223628062","0.000282226706","0.0110988888","0.0656892567"
"4350","0.0001","0.001580691904","0.000567162119","1.575345E-05","0.000590179846","0.00022324144","0.000279272341","0.0111136232","0.0649995846"
"4360","0.0001","0.001499307524","0.000538567523","1.4928967E-05","0.00055935639","0.000227368151","0.00027633285","0.0111278832","0.0642607688"
"4370","0.0001","0.001482355127","0.000532933864","1.4755489E-05","0.000552756601","0.000224244996","0.00027340814","0.0111415962","0.0634750101"
"4380","0.0001","0.001520752861","0.000546907383","1.5141927E-05","0.000566981616","0.000223764151","0.000270498158","0.0111546909","0.0626448073"
"4390","0.0001","0.001505993991","0.000541330337","1.5008024E-05","0.000561592622","0.000221053057","0.000267602895","0.0111670973","0.0617729422"
"4400","0.0001","0.001477461434","0.000530325439","1.4746534E-05","0.00055133863","0.000215577929","0.000264722383","0.0111787468","0.0608624637"
"4410","0.0001","0.001480447093","0.000530081097","1.4808924E-05","0.000553123768","0.000220895298","0.000261856694","0.0111895724","0.0599166684"
"4420","0.0001","0.001405649828","0.000501495797","1.4100958E-05","0.00052611135","0.000217934061","0.00025900594","0.0111995086","0.0589390822"
"4430","0.0001","0.001447389269","0.000514036491","1.4572117E-05","0.000543078295","0.000215840008","0.00025617027","0.0112084917","0.0579334381"
"4440","0.0001","0.001423644076","0.000502739802","1.4391575E-05","0.000535747646","0.000215020476","0.000253349872","0.0112164595","0.0569036549"
"4450","0.0001","0.001371229","0.000481036541","1.3924278E-05","0.000517796247","0.000210386575","0.000250544968","0.011223352","0.0558538129"
"4460","0.0001","0.001328615142","0.000462645854","1.3556147E-05","0.000503615568","0.000209676215","0.000247755816","0.0112291108","0.0547881306"
"4470","0.0001","0.00131901218","0.00045567399","1.3525092E-05","0.000502043855","0.000207167188","0.000244982707","0.0112336797","0.0537109387"
"4480","0.0001","0.00133262635","0.000456587395","1.373205E-05","0.000509396138","0.000208834832","0.000242225964","0.0112370045","0.0526266548"
"4490","0.0001","0.00128407454","0.000436275075","1.3293383E-05","0.000492914955","0.000207996677","0.000239485938","0.0112390331","0.0515397568"
"4500","0.0001","0.001279892778","0.000431328204","1.3307507E-05","0.000493358027","0.000206747483","0.000236763012","0.0112397157","0.0516114195"
"4510","0.0001","0.001251173406","0.000418409777","1.3058076E-05","0.00048417254","0.000204021133","0.000234057595","0.0112390047","0.052063788"
"4520","0.0001","0.001234427141","0.000409897203","1.2923051E-05","0.000479379666","0.000207602966","0.000231370119","0.0112368548","0.0525111767"
"4530","0.0001","0.00123490295","0.000407527185","1.295891E-05","0.000481087583","0.000207311392","0.000228701045","0.0112332233","0.0529490773"
"4540","0.0001","0.001209229944","0.000396985536","1.271E-05","0.000472386131","0.000198520945","0.00022605085","0.0112280696","0.0533730552"
"4550","0.0001","0.001212553713","0.000396383831","1.275438E-05","0.000474751492","0.000200760542","0.000223420035","0.0112213559","0.0537787757"
"4560","0.0001","0.00120331879","0.000392055994","1.2656178E-05","0.000471983492","0.000203813697","0.000220809119","0.0112130469","0.0541620293"
"4570","0.0001","0.001207415163","0.000392434841","1.2689418E-05","0.000474290943","0.00020285656","0.000218218635","0.0112031097","0.0545187566"
"4580","0.0001","0.001197280127","0.000388473938","1.2565283E-05","0.000470883254","0.000195904109","0.000215649134","0.0111915142","0.054845072"
"4590","0.0001","0.00118999583","0.000385621297","1.2464075E-05","0.000468481602","0.000193952761","0.000213101177","0.011178233","0.0551372868"
"4600","0.0001","0.001165666153","0.000377332767","1.2179136E-05","0.000459289445","0.000196613111","0.000210575336","0.0111632413","0.0553919305"
"4610","0.0001","0.0011612118","0.000375535171","1.210028E-05","0.000457971856","0.000191660361","0.000208072192","0.011146517","0.0556057712"
"4620","0.0001","0.001162560957","0.000375525861","1.2079398E-05","0.000458971218","0.000194308521","0.000205733954","0.0111280409","0.0557758349"
"4630","0.0001","0.001121410203","0.000361658264","1.1617213E-05","0.00044324889","0.00019409003","0.0002040394","0.0111077966","0.0558994226"
"4640","0.0001","0.001138005347","0.00036627351","1.1755684E-05","0.000450496213","0.000194204484","0.000202367271","0.0110857703","0.0559741261"
"4650","0.0001","0.001089414646","0.000349707016","1.1222691E-05","0.000432027201","0.000188530313","0.000200716442","0.0110619512","0.0559978426"
"4660","0.0001","0.001109777993","0.000355105122","1.1403701E-05","0.000441045783","0.000187458778","0.000199085794","0.0110363313","0.0559687862"
"4670","0.0001","0.001079121157","0.000343965741","1.1062253E-05","0.000429868991","0.000185390587","0.000197474218","0.0110089053","0.0558854988"
"4680","0.0001","0.001106623662","0.000351215865","1.1320005E-05","0.000441978869","0.000187945324","0.000195880615","0.010979671","0.0557468586"
"4690","0.0001","0.001083243065","0.000342188691","1.1059002E-05","0.00043382697","0.000184190018","0.000194303901","0.0109486288","0.0555520864"
"4700","0.0001","0.001048875212","0.000329695976","1.0687557E-05","0.000421194826","0.000188653769","0.000192743004","0.010915782","0.0553007501"
"4710","0.0001","0.001042818398","0.000326223582","1.0607583E-05","0.000419911414","0.000186702984","0.000191196871","0.0108811369","0.0549927672"
"4720","0.0001","0.001020810953","0.000317885383","1.0365894E-05","0.000412089568","0.000186406819","0.000189664467","0.0108447024","0.0546284052"
"4730","0.0001","0.001038541057","0.000322142081","1.0529256E-05","0.000420249905","0.000179006879","0.000188144775","0.0108064903","0.0542082795"
"4740","0.0001","0.001017890692","0.000314683421","1.0301767E-05","0.000412670187","0.00017878548","0.000186636803","0.0107665151","0.0537333501"
"4750","0.0001","0.000999422993","0.000308212014","1.0096446E-05","0.000405764015","0.000179339181","0.000185139582","0.0107247942","0.0532049155"
"4760","0.0001","0.001004195374","0.000309249996","1.012645E-05","0.000408117452","0.000175759694","0.000183652165","0.0106813477","0.052624605"
"4770","0.0001","0.001009236492","0.000310662105","1.0157956E-05","0.000410341082","0.000179912013","0.000182173636","0.0106361983","0.0519943689"
"4780","0.0001","0.000995285393","0.000306555033","9.999451E-06","0.000404663462","0.000173955727","0.000180703106","0.0105893715","0.0513164667"
"4790","0.0001","0.000968188863","0.000298625372","9.709621E-06","0.000393414446","0.000176485586","0.000179239713","0.0105408953","0.0505934539"
"4800","0.0001","0.000966354906","0.000298715167","9.676414E-06","0.000392309622","0.000176399327","0.000177782631","0.0104908004","0.0498281664"
"4810","0.0001","0.00094100557","0.000291666197","9.411151E-06","0.000381546947","0.000172974252","0.000176331062","0.0104391199","0.0490237038"
"4820","0.0001","0.000968466747","0.000301096176","9.679249E-06","0.000392150478","0.000171085976","0.000174884246","0.0103858897","0.0481834112"
"4830","0.0001","0.000953879763","0.000297443138","9.531688E-06","0.00038565228","0.000170469772","0.000173441454","0.0103311477","0.0473108585"
"4840","0.0001","0.000940542141","0.000294076067","9.403069E-06","0.000379679458","0.000172233134","0.000172001997","0.0102749346","0.0464098201"
"4850","0.0001","0.000900580906","0.000282206867","9.015428E-06","0.000363046373","0.000168105843","0.000170565219","0.0102172933","0.0454842517"
"4860","0.0001","0.000914710219","0.000287085274","9.177605E-06","0.000368336003","0.000170010103","0.000169130507","0.0101582687","0.0445382673"
"4870","0.0001","0.000920821058","0.000289215951","9.268862E-06","0.000370508366","0.000169166566","0.000167697282","0.0100979084","0.0435761145"
"4880","0.0001","0.000883930981","0.000277539248","8.934275E-06","0.000355480386","0.000169695478","0.00016626501","0.0100362616","0.0426021492"
"4890","0.0001","0.000906426098","0.000284261736","9.209774E-06","0.000364528097","0.00016940218","0.000164833193","0.0099733801","0.0416208098"
"4900","0.0001","0.000893072633","0.000279454306","9.130233E-06","0.000359291014","0.000163994441","0.000163401377","0.0099093173","0.0406365911"
"4910","0.0001","0.000852971188","0.000266030091","8.780677E-06","0.000343360288","0.000165525165","0.000161969149","0.0098441286","0.0410552466"
"4920","0.0001","0.000856627716","0.000266106762","8.887307E-06","0.000345179819","0.000165276601","0.000160536139","0.0097778714","0.0416078682"
"4930","0.0001","0.000850626716","0.000263016122","8.899775E-06","0.000343182588","0.000163850916","0.000159102019","0.0097106047","0.042153833"
"4940","0.0001","0.000827750125","0.000254628839","8.73781E-06","0.000334396379","0.000162424177","0.000157666503","0.0096423891","0.0426886519"
"4950","0.0001","0.000815816446","0.000249608432","8.691684E-06","0.000330021739","0.000164193193","0.00015622935","0.009573287","0.0432079133"
"4960","0.0001","0.000799788794","0.000243408676","8.602249E-06","0.000323983568","0.000158677458","0.000154790361","0.0095033622","0.0437073098"
"4970","0.0001","0.000809945626","0.000245243769","8.79473E-06","0.000328492106","0.000160586233","0.000153349381","0.0094326799","0.0441826628"
"4980","0.0001","0.000803920569","0.000242292733","8.812167E-06","0.000326379061","0.000156190575","0.000151906298","0.0093613066","0.0446299479"
"4990","0.0001","0.00079917485","0.000239881303","8.841057E-06","0.000324677919","0.000154821689","0.000150461041","0.0092893101","0.0450453179"
"5000","0.0001","0.000760226303","0.000227389141","8.48405E-06","0.000308928903","0.00015714111","0.000149013585","0.0092167592","0.0454251259"
