"equation","x","u_exact","u_observed_noisy","u_pinn_pred","prediction_error","absolute_error","squared_error","du_pinn_dx","pde_residual","residual_squared","boundary_residual","data_type"
"du_dx_plus_u_equals_0","0","1","1.0018337621","1.0042582726","0.0042582726","0.0042582726","1.8132885E-05","-0.945075","0.0591832726","0.003502659754","0.0042582726","observation"
"du_dx_plus_u_equals_0","0.01666667","0.9834714538","0.9857669445","0.9889225744","0.0054511206","0.0054511206","2.9714716E-05","-0.9345072023","0.0544153721","0.002961032716","0","collocation"
"du_dx_plus_u_equals_0","0.03333333","0.9672161005","0.9635280132","0.9726274569","0.0054113565","0.0054113565","2.9282779E-05","-0.9242252256","0.0484022314","0.002342776003","0","collocation"
"du_dx_plus_u_equals_0","0.05","0.9512294245","0.9543260898","0.9570909382","0.0058615137","0.0058615137","3.4357343E-05","-0.9141251111","0.042965827","0.001846062294","0","validation"
"du_dx_plus_u_equals_0","0.06666667","0.935506985","0.9262119981","0.9427258564","0.0072188714","0.0072188714","5.2112104E-05","-0.9041100902","0.0386157662","0.001491177398","0","collocation"
"du_dx_plus_u_equals_0","0.08333333","0.9200444146","0.9260353916","0.9277843701","0.0077399555","0.0077399555","5.9906911E-05","-0.8940921135","0.0336922567","0.001135168159","0","collocation"
"du_dx_plus_u_equals_0","0.1","0.904837418","0.9044633907","0.9121753855","0.0073379674","0.0073379674","5.3845766E-05","-0.8839931697","0.0281822157","0.000794237284","0","observation"
"du_dx_plus_u_equals_0","0.11666667","0.889881771","0.8791293772","0.8989499514","0.0090681804","0.0090681804","8.2231896E-05","-0.8737463733","0.025203578","0.000635220346","0","collocation"
"du_dx_plus_u_equals_0","0.13333333","0.875173319","0.8833571359","0.8840629974","0.0088896783","0.0088896783","7.9026381E-05","-0.8632968032","0.0207661941","0.000431234819","0","collocation"
"du_dx_plus_u_equals_0","0.15","0.8607079764","0.8684917336","0.8701752559","0.0094672795","0.0094672795","8.9629381E-05","-0.8526020831","0.0175731728","0.000308816403","0","validation"
"du_dx_plus_u_equals_0","0.16666667","0.8464817249","0.8358610627","0.8554562472","0.0089745223","0.0089745223","8.054205E-05","-0.8416326975","0.0138235496","0.000191090524","0","collocation"
"du_dx_plus_u_equals_0","0.18333333","0.8324906126","0.8321851999","0.8415606448","0.0090700322","0.0090700322","8.2265485E-05","-0.8303720432","0.0111886017","0.000125184807","0","collocation"
"du_dx_plus_u_equals_0","0.2","0.8187307531","0.8095898074","0.827756462","0.0090257089","0.0090257089","8.1463422E-05","-0.8188162203","0.0089402418","7.9927923E-05","0","observation"
"du_dx_plus_u_equals_0","0.21666667","0.805198324","0.7969202895","0.8140557219","0.0088573978","0.0088573978","7.8453496E-05","-0.8069735741","0.0070821477","5.0156817E-05","0","collocation"
"du_dx_plus_u_equals_0","0.23333333","0.7918895663","0.7885776979","0.8005563651","0.0086667988","0.0086667988","7.5113401E-05","-0.7948640014","0.0056923637","3.2403004E-05","0","collocation"
"du_dx_plus_u_equals_0","0.25","0.7788007831","0.7693874542","0.7870793473","0.0082785642","0.0082785642","6.8534626E-05","-0.7825180401","0.0045613072","2.0805523E-05","0","validation"
"du_dx_plus_u_equals_0","0.26666667","0.7659283384","0.7652203759","0.7757791522","0.0098508138","0.0098508138","9.7038533E-05","-0.7699757655","0.0058033866","3.3679297E-05","0","collocation"
"du_dx_plus_u_equals_0","0.28333333","0.7532686565","0.7530236474","0.7619026869","0.0086340304","0.0086340304","7.4546481E-05","-0.7572855194","0.0046171675","2.1318236E-05","0","collocation"
"du_dx_plus_u_equals_0","0.3","0.7408182207","0.7338069412","0.748894265","0.0080760443","0.0080760443","6.5222491E-05","-0.7445025003","0.0043917647","1.9287597E-05","0","observation"
"du_dx_plus_u_equals_0","0.31666667","0.7285735725","0.7180895675","0.7374899942","0.0089164217","0.0089164217","7.9502576E-05","-0.7316872466","0.0058027476","3.3671879E-05","0","collocation"
"du_dx_plus_u_equals_0","0.33333333","0.7165313106","0.7106224689","0.7258829931","0.0093516826","0.0093516826","8.7453967E-05","-0.7189040454","0.0069789477","4.8705711E-05","0","collocation"
"du_dx_plus_u_equals_0","0.35","0.7046880897","0.706985568","0.7124152083","0.0077271186","0.0077271186","5.9708361E-05","-0.7062192992","0.0061959091","3.8389289E-05","0","validation"
"du_dx_plus_u_equals_0","0.36666667","0.6930406201","0.7020113692","0.7026750934","0.0096344733","0.0096344733","9.2823076E-05","-0.693699886","0.0089752074","8.0554348E-05","0","collocation"
"du_dx_plus_u_equals_0","0.38333333","0.6815856662","0.6819601427","0.6894176466","0.0078319804","0.0078319804","6.1339918E-05","-0.6814115445","0.0080061022","6.4097672E-05","0","collocation"
"du_dx_plus_u_equals_0","0.4","0.670320046","0.6757527625","0.6789297032","0.0086096571","0.0086096571","7.4126196E-05","-0.6694173173","0.0095123858","9.0485484E-05","0","observation"
"du_dx_plus_u_equals_0","0.41666667","0.6592406302","0.6523547838","0.6672629929","0.0080223627","0.0080223627","6.4358304E-05","-0.6577760819","0.0094869111","9.0001482E-05","0","collocation"
"du_dx_plus_u_equals_0","0.43333333","0.648344341","0.6399222901","0.6576300054","0.0092856644","0.0092856644","8.6223564E-05","-0.6465411972","0.0110888082","0.000122961668","0","collocation"
"du_dx_plus_u_equals_0","0.45","0.6376281516","0.6333480849","0.6456308876","0.008002736","0.008002736","6.4043783E-05","-0.6357592922","0.0098715954","9.7448396E-05","0","validation"
"du_dx_plus_u_equals_0","0.46666667","0.6270890853","0.6164179493","0.6350525522","0.0079634669","0.0079634669","6.3416806E-05","-0.6254692167","0.0095833355","9.184032E-05","0","collocation"
"du_dx_plus_u_equals_0","0.48333333","0.6167242144","0.6052165669","0.6248092251","0.0080850107","0.0080850107","6.5367399E-05","-0.6157011737","0.0091080515","8.2956601E-05","0","collocation"
"du_dx_plus_u_equals_0","0.5","0.6065306597","0.6155547095","0.6162786522","0.0097479925","0.0097479925","9.5023358E-05","-0.6064760478","0.0098026044","9.6091053E-05","0","observation"
"du_dx_plus_u_equals_0","0.51666667","0.5965055897","0.5860053568","0.6049595043","0.0084539146","0.0084539146","7.1468672E-05","-0.5978049395","0.0071545648","5.1187798E-05","0","collocation"
"du_dx_plus_u_equals_0","0.53333333","0.5866462195","0.5827705635","0.5963637165","0.009717497","0.009717497","9.4429747E-05","-0.5896889108","0.0066748057","4.4553031E-05","0","collocation"
"du_dx_plus_u_equals_0","0.55","0.5769498104","0.5788714425","0.5862357348","0.0092859245","0.0092859245","8.6228393E-05","-0.5821189456","0.0041167893","1.6947954E-05","0","validation"
"du_dx_plus_u_equals_0","0.56666667","0.5674136688","0.5619440524","0.5752118595","0.0077981907","0.0077981907","6.0811779E-05","-0.5750761201","0.0001357394","1.8425E-08","0","collocation"
"du_dx_plus_u_equals_0","0.58333333","0.5580351458","0.554396441","0.5673110308","0.009275885","0.009275885","8.6042043E-05","-0.5685319786","-0.0012209478","1.490714E-06","0","collocation"
"du_dx_plus_u_equals_0","0.6","0.5488116361","0.5535870195","0.5565675056","0.0077558695","0.0077558695","6.0153511E-05","-0.5624491021","-0.0058815965","3.4593177E-05","0","observation"
"du_dx_plus_u_equals_0","0.61666667","0.5397405776","0.5327409258","0.5467266154","0.0069860378","0.0069860378","4.8804724E-05","-0.556781857","-0.0100552416","0.000101107883","0","collocation"
"du_dx_plus_u_equals_0","0.63333333","0.5308194506","0.5400716506","0.5375498251","0.0067303746","0.0067303746","4.5297942E-05","-0.5514773059","-0.0139274808","0.00019397472","0","collocation"
"du_dx_plus_u_equals_0","0.65","0.5220457768","0.5238982247","0.5293345918","0.007288815","0.007288815","5.3126824E-05","-0.546476259","-0.0171416673","0.000293836756","0","validation"
"du_dx_plus_u_equals_0","0.66666667","0.513417119","0.5220405857","0.5193288777","0.0059117586","0.0059117586","3.494889E-05","-0.5417144449","-0.0223855672","0.000501113619","0","collocation"
"du_dx_plus_u_equals_0","0.68333333","0.5049310805","0.5066920092","0.5116421445","0.006711064","0.006711064","4.5038381E-05","-0.5371237742","-0.0254816297","0.000649313453","0","collocation"
"du_dx_plus_u_equals_0","0.7","0.4965853038","0.506682419","0.5017487304","0.0051634266","0.0051634266","2.6660974E-05","-0.5326336712","-0.0308849408","0.000953879566","0","observation"
"du_dx_plus_u_equals_0","0.71666667","0.4883774707","0.4956607214","0.4931644902","0.0047870195","0.0047870195","2.2915556E-05","-0.5281724445","-0.0350079543","0.001225556864","0","collocation"
"du_dx_plus_u_equals_0","0.73333333","0.4803053011","0.4696571376","0.4844384252","0.0041331241","0.0041331241","1.7082715E-05","-0.523668671","-0.0392302458","0.001539012186","0","collocation"
"du_dx_plus_u_equals_0","0.75","0.4723665527","0.4621882531","0.4758562619","0.0034897091","0.0034897091","1.217807E-05","-0.5190525645","-0.0431963026","0.00186592056","0","validation"
"du_dx_plus_u_equals_0","0.76666667","0.4645590204","0.4659849684","0.4665821794","0.0020231591","0.0020231591","4.093173E-06","-0.5142573023","-0.0476751228","0.002272917337","0","collocation"
"du_dx_plus_u_equals_0","0.78333333","0.4568805351","0.4675488187","0.4581099557","0.0012294206","0.0012294206","1.511475E-06","-0.5092202851","-0.0511103293","0.002612265764","0","collocation"
"du_dx_plus_u_equals_0","0.8","0.4493289641","0.4604182473","0.4513324746","0.0020035105","0.0020035105","4.014054E-06","-0.5038843059","-0.0525518313","0.002761694973","0","observation"
"du_dx_plus_u_equals_0","0.81666667","0.4419022096","0.4454741462","0.4423658988","0.0004636893","0.0004636893","2.15008E-07","-0.4981986066","-0.0558327077","0.003117291251","0","collocation"
"du_dx_plus_u_equals_0","0.83333333","0.4345982085","0.434790252","0.4330324427","-0.0015657658","0.0015657658","2.451623E-06","-0.4921198021","-0.0590873595","0.00349131605","0","collocation"
"du_dx_plus_u_equals_0","0.85","0.4274149319","0.4202203809","0.4255489984","-0.0018659336","0.0018659336","3.481708E-06","-0.4856126585","-0.0600636602","0.003607643275","0","validation"
"du_dx_plus_u_equals_0","0.86666667","0.4203503845","0.4280373927","0.4183057743","-0.0020446102","0.0020446102","4.180431E-06","-0.4786507085","-0.0603449341","0.003641511076","0","collocation"
"du_dx_plus_u_equals_0","0.88333333","0.4134026038","0.4035042178","0.410682296","-0.0027203077","0.0027203077","7.400074E-06","-0.4712166972","-0.0605344012","0.003664413726","0","collocation"
"du_dx_plus_u_equals_0","0.9","0.4065696597","0.4166790457","0.4012804562","-0.0052892036","0.0052892036","2.7975674E-05","-0.4633028512","-0.062022395","0.003846777487","0","observation"
"du_dx_plus_u_equals_0","0.91666667","0.3998496543","0.3928815382","0.3939149426","-0.0059347118","0.0059347118","3.5220804E-05","-0.4549109673","-0.0609960247","0.00372051503","0","collocation"
"du_dx_plus_u_equals_0","0.93333333","0.3932407209","0.3948605666","0.3869396881","-0.0063010328","0.0063010328","3.9703014E-05","-0.4460523224","-0.0591126343","0.003494303532","0","collocation"
"du_dx_plus_u_equals_0","0.95","0.3867410235","0.3774315263","0.3804504567","-0.0062905667","0.0062905667","3.957123E-05","-0.4367474091","-0.0562969523","0.003169346843","0","validation"
"du_dx_plus_u_equals_0","0.96666667","0.3803487566","0.3864908479","0.3716593726","-0.008689384","0.008689384","7.5505395E-05","-0.4270255033","-0.0553661307","0.003065408429","0","collocation"
"du_dx_plus_u_equals_0","0.98333333","0.3740621446","0.3634587737","0.3659777969","-0.0080843477","0.0080843477","6.5356678E-05","-0.4169240754","-0.0509462785","0.002595523295","0","collocation"
"du_dx_plus_u_equals_0","1","0.3678794412","0.3797259675","0.3574118262","-0.0104676149","0.0104676149","0.000109570963","-0.4064880582","-0.0490762319","0.00240847654","0","observation"
"du_dx_plus_u_equals_0","1.01666667","0.3617989288","0.3510012953","0.3511697177","-0.0106292112","0.0106292112","0.00011298013","-0.395768987","-0.0445992693","0.001989094821","0","collocation"
"du_dx_plus_u_equals_0","1.03333333","0.3558189185","0.3640942601","0.3459411829","-0.0098777356","0.0098777356","9.756966E-05","-0.3848240309","-0.038882848","0.001511875868","0","collocation"
"du_dx_plus_u_equals_0","1.05","0.3499377491","0.3547773175","0.3384352908","-0.0115024583","0.0115024583","0.000132306547","-0.3737149349","-0.0352796441","0.001244653289","0","validation"
"du_dx_plus_u_equals_0","1.06666667","0.3441537869","0.333576927","0.3329440587","-0.0112097282","0.0112097282","0.000125658006","-0.362506893","-0.0295628343","0.000873961172","0","collocation"
"du_dx_plus_u_equals_0","1.08333333","0.3384654251","0.3281664293","0.3263491812","-0.0121162439","0.0121162439","0.000146803366","-0.3512673767","-0.0249181955","0.000620916467","0","collocation"
"du_dx_plus_u_equals_0","1.1","0.3328710837","0.3412974539","0.3205578658","-0.0123132179","0.0123132179","0.000151615335","-0.3400649399","-0.0195070741","0.000380525939","0","observation"
"du_dx_plus_u_equals_0","1.11666667","0.3273692086","0.3279225438","0.3154463689","-0.0119228397","0.0119228397","0.000142154107","-0.3289680233","-0.0135216544","0.000182835138","0","collocation"
"du_dx_plus_u_equals_0","1.13333333","0.3219582715","0.3215389556","0.3099541992","-0.0120040723","0.0120040723","0.000144097753","-0.3180437819","-0.0080895827","6.5441349E-05","0","collocation"
"du_dx_plus_u_equals_0","1.15","0.3166367694","0.3135895894","0.3053780714","-0.011258698","0.011258698","0.00012675828","-0.3073569549","-0.0019788835","3.91598E-06","0","validation"
"du_dx_plus_u_equals_0","1.16666667","0.3114032239","0.3050112836","0.3007444143","-0.0106588096","0.0106588096","0.000113610222","-0.296968801","0.0037756133","1.4255256E-05","0","collocation"
"du_dx_plus_u_equals_0","1.18333333","0.3062561813","0.3043290986","0.2952580915","-0.0109980898","0.0109980898","0.00012095798","-0.2869361156","0.008321976","6.9255284E-05","0","collocation"
"du_dx_plus_u_equals_0","1.2","0.3011942119","0.2936332352","0.2907754247","-0.0104187872","0.0104187872","0.000108551127","-0.2773103482","0.0134650766","0.000181308287","0","observation"
"du_dx_plus_u_equals_0","1.21666667","0.2962159095","0.2961124905","0.2857364343","-0.0104794752","0.0104794752","0.0001098194","-0.2681368342","0.0175996001","0.000309745923","0","collocation"
"du_dx_plus_u_equals_0","1.23333333","0.2913198911","0.3028314139","0.281439534","-0.0098803571","0.0098803571","9.7621457E-05","-0.2594541531","0.0219853809","0.000483356975","0","collocation"
"du_dx_plus_u_equals_0","1.25","0.2865047969","0.2785508439","0.2775466622","-0.0089581346","0.0089581346","8.0248176E-05","-0.2512936224","0.0262530398","0.000689222101","0","validation"
"du_dx_plus_u_equals_0","1.26666667","0.2817692891","0.2831763939","0.2721059102","-0.0096633789","0.0096633789","9.3380892E-05","-0.2436789352","0.028426975","0.000808092908","0","collocation"
"du_dx_plus_u_equals_0","1.28333333","0.2771120524","0.2671064981","0.269181484","-0.0079305684","0.0079305684","6.2893915E-05","-0.2366259436","0.0325555405","0.001059863215","0","collocation"
"du_dx_plus_u_equals_0","1.3","0.272531793","0.2691497001","0.2645671602","-0.0079646329","0.0079646329","6.3435377E-05","-0.2301425903","0.0344245698","0.001185051007","0","observation"
"du_dx_plus_u_equals_0","1.31666667","0.2680272387","0.2790875718","0.2608892898","-0.0071379489","0.0071379489","5.0950314E-05","-0.2242289865","0.0366603034","0.001343977844","0","collocation"
"du_dx_plus_u_equals_0","1.33333333","0.2635971381","0.257606207","0.2576221878","-0.0059749504","0.0059749504","3.5700032E-05","-0.2188776298","0.038744558","0.001501140773","0","collocation"
"du_dx_plus_u_equals_0","1.35","0.2592402606","0.2493036458","0.2539055163","-0.0053347443","0.0053347443","2.8459497E-05","-0.2140737579","0.0398317584","0.001586568979","0","validation"
"du_dx_plus_u_equals_0","1.36666667","0.254955396","0.2481840375","0.2506880591","-0.0042673369","0.0042673369","1.8210164E-05","-0.2097958256","0.0408922336","0.001672174767","0","collocation"
"du_dx_plus_u_equals_0","1.38333333","0.250741354","0.255645541","0.2478308168","-0.0029105372","0.0029105372","8.471227E-06","-0.2060160948","0.041814722","0.001748470977","0","collocation"
"du_dx_plus_u_equals_0","1.4","0.2465969639","0.2457906026","0.2426775382","-0.0039194258","0.0039194258","1.5361899E-05","-0.2027013236","0.0399762146","0.001598097731","0","observation"
"du_dx_plus_u_equals_0","1.41666667","0.2425210746","0.2475783073","0.2405137241","-0.0020073505","0.0020073505","4.029456E-06","-0.1998135388","0.0407001854","0.001656505089","0","collocation"
"du_dx_plus_u_equals_0","1.43333333","0.2385125539","0.2384196726","0.237857319","-0.0006552348","0.0006552348","4.29333E-07","-0.197310875","0.040546444","0.001644014122","0","collocation"
"du_dx_plus_u_equals_0","1.45","0.2345702881","0.2413768987","0.2327898744","-0.0017804137","0.0017804137","3.169873E-06","-0.1951484638","0.0376414106","0.001416875793","0","validation"
"du_dx_plus_u_equals_0","1.46666667","0.2306931823","0.2383595938","0.2300451542","-0.000648028","0.000648028","4.1994E-07","-0.193279353","0.0367658012","0.00135172414","0","collocation"
"du_dx_plus_u_equals_0","1.48333333","0.2268801593","0.2315006125","0.2267318691","-0.0001482902","0.0001482902","2.199E-08","-0.1916554393","0.0350764298","0.001230355927","0","collocation"
"du_dx_plus_u_equals_0","1.5","0.2231301601","0.2300784474","0.2236334124","0.0005032523","0.0005032523","2.53263E-07","-0.1902283952","0.0334050172","0.001115895173","0","observation"
"du_dx_plus_u_equals_0","1.51666667","0.219442143","0.2225039782","0.2200884621","0.0006463191","0.0006463191","4.17728E-07","-0.1889505724","0.0311378897","0.000969568172","0","collocation"
"du_dx_plus_u_equals_0","1.53333333","0.2158150834","0.2065812462","0.2173018688","0.0014867854","0.0014867854","2.210531E-06","-0.1877758648","0.029526004","0.000871784915","0","collocation"
"du_dx_plus_u_equals_0","1.55","0.2122479738","0.217289335","0.2155215262","0.0032735524","0.0032735524","1.0716145E-05","-0.1866605156","0.0288610106","0.00083295793","0","validation"
"du_dx_plus_u_equals_0","1.56666667","0.2087398234","0.2067568536","0.2109027761","0.0021629527","0.0021629527","4.678364E-06","-0.1855638542","0.0253389219","0.000642060964","0","collocation"
"du_dx_plus_u_equals_0","1.58333333","0.2052896576","0.1954749437","0.2078885799","0.0025989223","0.0025989223","6.754397E-06","-0.1844489487","0.0234396313","0.000549416314","0","collocation"
"du_dx_plus_u_equals_0","1.6","0.201896518","0.209261439","0.2046352286","0.0027387106","0.0027387106","7.500536E-06","-0.183283166","0.0213520626","0.000455910578","0","observation"
"du_dx_plus_u_equals_0","1.61666667","0.1985594621","0.2037988712","0.2029470845","0.0043876224","0.0043876224","1.9251231E-05","-0.182038628","0.0209084565","0.000437163555","0","collocation"
"du_dx_plus_u_equals_0","1.63333333","0.1952775628","0.1970109032","0.1997549304","0.0044773676","0.0044773676","2.004682E-05","-0.1806925587","0.0190623717","0.000363374013","0","collocation"
"du_dx_plus_u_equals_0","1.65","0.1920499086","0.1932434578","0.1968134163","0.0047635077","0.0047635077","2.2691005E-05","-0.1792275184","0.0175858979","0.000309263805","0","validation"
"du_dx_plus_u_equals_0","1.66666667","0.1888756028","0.1964625589","0.1927627252","0.0038871223","0.0038871223","1.510972E-05","-0.1776315212","0.015131204","0.000228953334","0","collocation"
"du_dx_plus_u_equals_0","1.68333333","0.1857537637","0.1762390992","0.1901858362","0.0044320725","0.0044320725","1.9643266E-05","-0.1758980388","0.0142877974","0.000204141153","0","collocation"
"du_dx_plus_u_equals_0","1.7","0.1826835241","0.1716566582","0.1870476125","0.0043640884","0.0043640884","1.9045268E-05","-0.1740258908","0.0130217217","0.000169565235","0","observation"
"du_dx_plus_u_equals_0","1.71666667","0.179664031","0.1819862566","0.183889139","0.004225108","0.004225108","1.7851538E-05","-0.1720190277","0.0118701114","0.000140899544","0","collocation"
"du_dx_plus_u_equals_0","1.73333333","0.1766944458","0.1850451015","0.1816172405","0.0049227947","0.0049227947","2.4233908E-05","-0.1698862128","0.0117310277","0.000137617012","0","collocation"
"du_dx_plus_u_equals_0","1.75","0.1737739435","0.1725602466","0.1793615122","0.0055875687","0.0055875687","3.1220924E-05","-0.1676406126","0.0117208995","0.000137379486","0","validation"
"du_dx_plus_u_equals_0","1.76666667","0.1709017128","0.1740272321","0.1752446505","0.0043429377","0.0043429377","1.8861108E-05","-0.1652993048","0.0099453457","9.8909902E-05","0","collocation"
"du_dx_plus_u_equals_0","1.78333333","0.1680769559","0.1739708085","0.1736295782","0.0055526223","0.0055526223","3.0831614E-05","-0.1628827161","0.0107468621","0.000115495045","0","collocation"
"du_dx_plus_u_equals_0","1.8","0.1652988882","0.1737653091","0.1698997452","0.004600857","0.004600857","2.1167885E-05","-0.1604140035","0.0094857417","8.9979296E-05","0","observation"
"du_dx_plus_u_equals_0","1.81666667","0.1625667379","0.1630977512","0.1685654676","0.0059987297","0.0059987297","3.5984757E-05","-0.1579183917","0.0106470759","0.000113360224","0","collocation"
"du_dx_plus_u_equals_0","1.83333333","0.1598797461","0.1534218026","0.1648781762","0.0049984301","0.0049984301","2.4984304E-05","-0.1554224817","0.0094556945","8.9410158E-05","0","collocation"
"du_dx_plus_u_equals_0","1.85","0.1572371663","0.160828506","0.1627982743","0.0055611079","0.0055611079","3.0925922E-05","-0.1529535454","0.0098447289","9.6918687E-05","0","validation"
"du_dx_plus_u_equals_0","1.86666667","0.1546382645","0.156340288","0.1597240931","0.0050858286","0.0050858286","2.5865652E-05","-0.1505388198","0.0091852734","8.4369247E-05","0","collocation"
"du_dx_plus_u_equals_0","1.88333333","0.1520823189","0.144434235","0.1579121514","0.0058298325","0.0058298325","3.3986947E-05","-0.1482048171","0.0097073343","9.4232338E-05","0","collocation"
"du_dx_plus_u_equals_0","1.9","0.1495686192","0.1464773612","0.1556752958","0.0061066766","0.0061066766","3.7291499E-05","-0.1459766628","0.009698633","9.4063482E-05","0","observation"
"du_dx_plus_u_equals_0","1.91666667","0.1470964674","0.153412928","0.1520042362","0.0049077688","0.0049077688","2.4086194E-05","-0.1438774753","0.0081267608","6.6044241E-05","0","collocation"
"du_dx_plus_u_equals_0","1.93333333","0.1446651766","0.1502518032","0.1496364014","0.0049712248","0.0049712248","2.4713076E-05","-0.1419277997","0.0077086017","5.942254E-05","0","collocation"
"du_dx_plus_u_equals_0","1.95","0.1422740716","0.1424713139","0.1481088846","0.005834813","0.005834813","3.4045042E-05","-0.1401451055","0.007963779","6.3421776E-05","0","validation"
"du_dx_plus_u_equals_0","1.96666667","0.139922488","0.1285977467","0.1456113424","0.0056888544","0.0056888544","3.2363064E-05","-0.138543358","0.0070679844","4.9956404E-05","0","collocation"
"du_dx_plus_u_equals_0","1.98333333","0.1376097727","0.1320294119","0.1432124416","0.0056026689","0.0056026689","3.1389899E-05","-0.1371326705","0.0060797711","3.6963617E-05","0","collocation"
"du_dx_plus_u_equals_0","2","0.1353352832","0.1324847175","0.1421872309","0.0068519477","0.0068519477","4.6949187E-05","-0.1359190439","0.006268187","3.9290169E-05","0","observation"
"du_dx_plus_u_equals_0","2.01666667","0.1330983878","0.1300168359","0.1385427671","0.0054443794","0.0054443794","2.9641267E-05","-0.1349041964","0.0036385707","1.3239197E-05","0","collocation"
"du_dx_plus_u_equals_0","2.03333333","0.1308984649","0.1382127821","0.1371589533","0.0062604884","0.0062604884","3.9193714E-05","-0.1340854874","0.0030734659","9.446192E-06","0","collocation"
"du_dx_plus_u_equals_0","2.05","0.1287349036","0.1294440958","0.1336192949","0.0048843913","0.0048843913","2.3857278E-05","-0.1334559332","0.0001633616","2.6687E-08","0","validation"
"du_dx_plus_u_equals_0","2.06666667","0.1266071028","0.1168239306","0.1317107996","0.0051036968","0.0051036968","2.6047721E-05","-0.1330043157","-0.0012935161","1.673184E-06","0","collocation"
"du_dx_plus_u_equals_0","2.08333333","0.1245144714","0.1341278541","0.1303551948","0.0058407234","0.0058407234","3.411405E-05","-0.1327153786","-0.0023601837","5.570467E-06","0","collocation"
"du_dx_plus_u_equals_0","2.1","0.1224564283","0.1167011562","0.1285339834","0.0060775551","0.0060775551","3.6936677E-05","-0.1325701064","-0.004036123","1.6290289E-05","0","observation"
"du_dx_plus_u_equals_0","2.11666667","0.1204324015","0.1087459505","0.1253559866","0.004923585","0.004923585","2.424169E-05","-0.1325460813","-0.0071900947","5.1697462E-05","0","collocation"
"du_dx_plus_u_equals_0","2.13333333","0.118441829","0.1251387004","0.1231893431","0.0047475141","0.0047475141","2.253889E-05","-0.1326179065","-0.0094285634","8.8897809E-05","0","collocation"
"du_dx_plus_u_equals_0","2.15","0.1164841578","0.1224063474","0.1220979909","0.0056138331","0.0056138331","3.1515122E-05","-0.1327576904","-0.0106596995","0.000113629193","0","validation"
"du_dx_plus_u_equals_0","2.16666667","0.114558844","0.1265361377","0.1190804365","0.0045215925","0.0045215925","2.0444799E-05","-0.1329355779","-0.0138551414","0.000191964944","0","collocation"
"du_dx_plus_u_equals_0","2.18333333","0.1126653528","0.1030155646","0.1177612225","0.0050958697","0.0050958697","2.5967888E-05","-0.1331203209","-0.0153590984","0.000235901902","0","collocation"
"du_dx_plus_u_equals_0","2.2","0.1108031584","0.1224313425","0.1152993353","0.004496177","0.004496177","2.0215607E-05","-0.1332798734","-0.017980538","0.000323299748","0","observation"
"du_dx_plus_u_equals_0","2.21666667","0.1089717432","0.105222848","0.1122663664","0.0032946231","0.0032946231","1.0854541E-05","-0.1333820009","-0.0211156346","0.000445870024","0","collocation"
"du_dx_plus_u_equals_0","2.23333333","0.1071705988","0.098249491","0.1095818332","0.0024112344","0.0024112344","5.814051E-06","-0.1333948921","-0.023813059","0.000567061777","0","collocation"
"du_dx_plus_u_equals_0","2.25","0.1053992246","0.0955724405","0.1077653823","0.0023661578","0.0023661578","5.598703E-06","-0.1332877591","-0.0255223767","0.000651391714","0","validation"
"du_dx_plus_u_equals_0","2.26666667","0.1036571286","0.1039081012","0.1058620811","0.0022049525","0.0022049525","4.861816E-06","-0.1330314168","-0.0271693356","0.000738172799","0","collocation"
"du_dx_plus_u_equals_0","2.28333333","0.101943827","0.1105513744","0.1037370051","0.0017931781","0.0017931781","3.215488E-06","-0.1325988289","-0.0288618238","0.000833004871","0","collocation"
"du_dx_plus_u_equals_0","2.3","0.1002588437","0.0909754787","0.1023374729","0.0020786292","0.0020786292","4.320699E-06","-0.1319656108","-0.029628138","0.000877826559","0","observation"
"du_dx_plus_u_equals_0","2.31666667","0.0986017108","0.0963804118","0.1001247927","0.0015230819","0.0015230819","2.319779E-06","-0.1311104806","-0.0309856879","0.000960112856","0","collocation"
"du_dx_plus_u_equals_0","2.33333333","0.0969719679","0.0854852968","0.0971013575","0.0001293897","0.0001293897","1.6742E-08","-0.1300156487","-0.0329142912","0.001083350566","0","collocation"
"du_dx_plus_u_equals_0","2.35","0.0953691622","0.096948773","0.0938543624","-0.0015147998","0.0015147998","2.294618E-06","-0.1286671413","-0.0348127789","0.001211929575","0","validation"
"du_dx_plus_u_equals_0","2.36666667","0.0937928486","0.084906273","0.0932441962","-0.0005486524","0.0005486524","3.01019E-07","-0.1270550506","-0.0338108544","0.001143173878","0","collocation"
"du_dx_plus_u_equals_0","2.38333333","0.0922425892","0.0988885316","0.0915365743","-0.0007060149","0.0007060149","4.98457E-07","-0.1251737089","-0.0336371346","0.001131456825","0","collocation"
"du_dx_plus_u_equals_0","2.4","0.0907179533","0.089169252","0.0883759309","-0.0023420224","0.0023420224","5.485069E-06","-0.1230217832","-0.0346458523","0.001200335081","0","observation"
"du_dx_plus_u_equals_0","2.41666667","0.0892185174","0.0911817221","0.0858533052","-0.0033652122","0.0033652122","1.1324653E-05","-0.1206022913","-0.0347489861","0.001207492033","0","collocation"
"du_dx_plus_u_equals_0","2.43333333","0.087743865","0.0892592975","0.0837850414","-0.0039588236","0.0039588236","1.5672284E-05","-0.1179225374","-0.034137496","0.001165368631","0","collocation"
"du_dx_plus_u_equals_0","2.45","0.0862935865","0.0967532458","0.0831259084","-0.0031676781","0.0031676781","1.0034185E-05","-0.1149939722","-0.0318680638","0.001015573491","0","validation"
"du_dx_plus_u_equals_0","2.46666667","0.084867279","0.0762994747","0.080564932","-0.004302347","0.004302347","1.851019E-05","-0.1118319791","-0.0312670472","0.000977628238","0","collocation"
"du_dx_plus_u_equals_0","2.48333333","0.0834645462","0.0879087475","0.0789514985","-0.0045130477","0.0045130477","2.03676E-05","-0.1084555929","-0.0295040944","0.000870491588","0","collocation"
"du_dx_plus_u_equals_0","2.5","0.0820849986","0.0861814487","0.0768503995","-0.0052345992","0.0052345992","2.7401028E-05","-0.104887156","-0.0280367565","0.000786059716","0","observation"
"du_dx_plus_u_equals_0","2.51666667","0.0807282529","0.0697381471","0.0750440139","-0.0056842391","0.0056842391","3.2310574E-05","-0.1011519202","-0.0261079063","0.000681622773","0","collocation"
"du_dx_plus_u_equals_0","2.53333333","0.0793939323","0.0796116508","0.0741098058","-0.0052841265","0.0052841265","2.7921993E-05","-0.0972776026","-0.0231677969","0.000536746812","0","collocation"
"du_dx_plus_u_equals_0","2.55","0.078081666","0.0728934219","0.071821707","-0.006259959","0.006259959","3.9187087E-05","-0.0932939034","-0.0214721964","0.00046105522","0","validation"
"du_dx_plus_u_equals_0","2.56666667","0.0767910896","0.0756201098","0.0709310783","-0.0058600112","0.0058600112","3.4339732E-05","-0.089231996","-0.0183009177","0.000334923589","0","collocation"
"du_dx_plus_u_equals_0","2.58333333","0.0755218445","0.0687570826","0.0681783396","-0.0073435049","0.0073435049","5.3927064E-05","-0.0851239993","-0.0169456597","0.000287155384","0","collocation"
"du_dx_plus_u_equals_0","2.6","0.0742735782","0.0738871945","0.0683459578","-0.0059276204","0.0059276204","3.5136684E-05","-0.0810024419","-0.0126564841","0.000160186589","0","observation"
"du_dx_plus_u_equals_0","2.61666667","0.0730459439","0.0722832281","0.0658126385","-0.0072333055","0.0072333055","5.2320708E-05","-0.076899728","-0.0110870895","0.000122923553","0","collocation"
"du_dx_plus_u_equals_0","2.63333333","0.0718386007","0.068784777","0.0661603728","-0.0056782279","0.0056782279","3.2242272E-05","-0.0728476162","-0.0066872434","4.4719224E-05","0","collocation"
"du_dx_plus_u_equals_0","2.65","0.0706512131","0.0751616374","0.0636559901","-0.006995223","0.006995223","4.8933145E-05","-0.0688767185","-0.0052207284","2.7256005E-05","0","validation"
"du_dx_plus_u_equals_0","2.66666667","0.0694834512","0.0727331416","0.0619188935","-0.0075645577","0.0075645577","5.7222533E-05","-0.0650160301","-0.0030971366","9.592255E-06","0","collocation"
"du_dx_plus_u_equals_0","2.68333333","0.0683349908","0.0742443637","0.0626770801","-0.0056579107","0.0056579107","3.2011953E-05","-0.0612924973","0.0013845828","1.91707E-06","0","collocation"
"du_dx_plus_u_equals_0","2.7","0.0672055127","0.0744760843","0.0617465008","-0.0054590119","0.0054590119","2.9800811E-05","-0.057730631","0.0040158699","1.6127211E-05","0","observation"
"du_dx_plus_u_equals_0","2.71666667","0.0660947033","0.0776080697","0.0608174753","-0.005277228","0.005277228","2.7849136E-05","-0.0543521715","0.0064653038","4.1800154E-05","0","collocation"
"du_dx_plus_u_equals_0","2.73333333","0.065002254","0.068636655","0.059496007","-0.0055062469","0.0055062469","3.0318755E-05","-0.0511758107","0.0083201963","6.9225667E-05","0","collocation"
"du_dx_plus_u_equals_0","2.75","0.0639278612","0.0722553146","0.0580348746","-0.0058929866","0.0058929866","3.4727291E-05","-0.0482169749","0.0098178998","9.6391156E-05","0","validation"
"du_dx_plus_u_equals_0","2.76666667","0.0628712266","0.0579459796","0.0575408395","-0.0053303871","0.0053303871","2.8413027E-05","-0.0454876705","0.0120531689","0.000145278881","0","collocation"
"du_dx_plus_u_equals_0","2.78333333","0.0618320566","0.0710900753","0.0557153056","-0.006116751","0.006116751","3.7414643E-05","-0.042996396","0.0127189096","0.000161770662","0","collocation"
"du_dx_plus_u_equals_0","2.8","0.0608100626","0.0720632982","0.05633484","-0.0044752226","0.0044752226","2.0027617E-05","-0.0407481174","0.0155867226","0.000242945922","0","observation"
"du_dx_plus_u_equals_0","2.81666667","0.0598049607","0.0541050496","0.0560420548","-0.0037629059","0.0037629059","1.4159461E-05","-0.0387443092","0.0172977456","0.000299212002","0","collocation"
"du_dx_plus_u_equals_0","2.83333333","0.0588164716","0.0632584477","0.0552390176","-0.003577454","0.003577454","1.2798177E-05","-0.0369830564","0.0182559613","0.000333280121","0","collocation"
"du_dx_plus_u_equals_0","2.85","0.0578443209","0.0691653596","0.0532995264","-0.0045447945","0.0045447945","2.0655157E-05","-0.0354592148","0.0178403116","0.000318276718","0","validation"
"du_dx_plus_u_equals_0","2.86666667","0.0568882383","0.0678983696","0.0533364829","-0.0035517555","0.0035517555","1.2614967E-05","-0.034164626","0.0191718568","0.000367560095","0","collocation"
"du_dx_plus_u_equals_0","2.88333333","0.0559479585","0.0596172836","0.0535169931","-0.0024309654","0.0024309654","5.909593E-06","-0.0330883805","0.0204286126","0.000417328212","0","collocation"
"du_dx_plus_u_equals_0","2.9","0.0550232201","0.0504549621","0.052153257","-0.002869963","0.002869963","8.236688E-06","-0.032217123","0.019936134","0.000397449439","0","observation"
"du_dx_plus_u_equals_0","2.91666667","0.0541137662","0.0437912371","0.052772053","-0.0013417132","0.0013417132","1.800194E-06","-0.0315353939","0.0212366592","0.000450995693","0","collocation"
"du_dx_plus_u_equals_0","2.93333333","0.0532193443","0.0620035195","0.0519887929","-0.0012305515","0.0012305515","1.514257E-06","-0.0310259981","0.0209627948","0.000439438767","0","collocation"
"du_dx_plus_u_equals_0","2.95","0.0523397059","0.0585086999","0.0511806863","-0.0011590196","0.0011590196","1.343326E-06","-0.0306703951","0.0205102913","0.000420672048","0","validation"
"du_dx_plus_u_equals_0","2.96666667","0.0514746067","0.0539137544","0.0508320012","-0.0006426055","0.0006426055","4.12942E-07","-0.0304491005","0.0203829007","0.000415462639","0","collocation"
"du_dx_plus_u_equals_0","2.98333333","0.0506238063","0.0603362861","0.0490072999","-0.0016165064","0.0016165064","2.613093E-06","-0.0303420925","0.0186652074","0.000348389968","0","collocation"
"du_dx_plus_u_equals_0","3","0.0497870684","0.0468582858","0.0494310785","-0.0003559898","0.0003559898","1.26729E-07","-0.0303292138","0.0191018647","0.000364881236","0","observation"
"du_dx_plus_u_equals_0","3.01666667","0.0489641605","0.0374804271","0.0489170337","-4.71268E-05","4.71268E-05","2.221E-09","-0.0303905632","0.0185264705","0.000343230109","0","collocation"
"du_dx_plus_u_equals_0","3.03333333","0.0481548541","0.0403813006","0.047377561","-0.0007772931","0.0007772931","6.04185E-07","-0.0305068672","0.0168706937","0.000284620307","0","collocation"
"du_dx_plus_u_equals_0","3.05","0.0473589244","0.0474620885","0.0481152175","0.0007562931","0.0007562931","5.71979E-07","-0.0306598272","0.0174553903","0.00030469065","0","validation"
"du_dx_plus_u_equals_0","3.06666667","0.0465761502","0.0418858525","0.0472228312","0.000646681","0.000646681","4.18196E-07","-0.0308324337","0.0163903975","0.00026864513","0","collocation"
"du_dx_plus_u_equals_0","3.08333333","0.0458063142","0.0342672427","0.0473590528","0.0015527386","0.0015527386","2.410997E-06","-0.0310092445","0.0163498082","0.000267316229","0","collocation"
"du_dx_plus_u_equals_0","3.1","0.0450492024","0.0345815178","0.0462805773","0.0012313749","0.0012313749","1.516284E-06","-0.0311766208","0.0151039565","0.000228129502","0","observation"
"du_dx_plus_u_equals_0","3.11666667","0.0443046046","0.0402370806","0.0465623752","0.0022577707","0.0022577707","5.097528E-06","-0.0313229173","0.0152394579","0.000232241077","0","collocation"
"du_dx_plus_u_equals_0","3.13333333","0.0435723139","0.054352321","0.0452703836","0.0016980697","0.0016980697","2.883441E-06","-0.031438626","0.0138317575","0.000191317516","0","collocation"
"du_dx_plus_u_equals_0","3.15","0.0428521269","0.0546755185","0.0443504977","0.0014983708","0.0014983708","2.245115E-06","-0.0315164687","0.012834029","0.0001647123","0","validation"
"du_dx_plus_u_equals_0","3.16666667","0.0421438435","0.037364793","0.0431976456","0.0010538021","0.0010538021","1.110499E-06","-0.0315514401","0.0116462055","0.000135634103","0","collocation"
"du_dx_plus_u_equals_0","3.18333333","0.041447267","0.0395974715","0.0438451769","0.0023979098","0.0023979098","5.749972E-06","-0.0315408013","0.0123043756","0.000151397658","0","collocation"
"du_dx_plus_u_equals_0","3.2","0.040762204","0.0370686333","0.0435135107","0.0027513068","0.0027513068","7.569689E-06","-0.0314840244","0.0120294863","0.000144708541","0","observation"
"du_dx_plus_u_equals_0","3.21666667","0.040088464","0.0447263243","0.0416427912","0.0015543272","0.0015543272","2.415933E-06","-0.031382691","0.0102601002","0.000105269656","0","collocation"
"du_dx_plus_u_equals_0","3.23333333","0.03942586","0.0336168826","0.0423106574","0.0028847974","0.0028847974","8.322056E-06","-0.0312403478","0.0110703096","0.000122551754","0","collocation"
"du_dx_plus_u_equals_0","3.25","0.0387742078","0.0284998684","0.0408128909","0.002038683","0.002038683","4.156228E-06","-0.0310623233","0.0097505675","9.5073567E-05","0","validation"
"du_dx_plus_u_equals_0","3.26666667","0.0381333265","0.049017406","0.0417813951","0.0036480686","0.0036480686","1.3308404E-05","-0.03085551","0.0109258851","0.000119374966","0","collocation"
"du_dx_plus_u_equals_0","3.28333333","0.0375030381","0.0349606612","0.0409269909","0.0034239528","0.0034239528","1.1723453E-05","-0.0306281175","0.0102988734","0.000106066793","0","collocation"
"du_dx_plus_u_equals_0","3.3","0.0368831674","0.0268621757","0.0392717961","0.0023886287","0.0023886287","5.705547E-06","-0.0303894025","0.0088823936","7.8896916E-05","0","observation"
"du_dx_plus_u_equals_0","3.31666667","0.0362735423","0.0299444947","0.0403726243","0.0040990821","0.0040990821","1.6802474E-05","-0.0301493812","0.0102232431","0.000104514699","0","collocation"
"du_dx_plus_u_equals_0","3.33333333","0.0356739933","0.0303561168","0.0385988293","0.002924836","0.002924836","8.554666E-06","-0.0299185311","0.0086802982","7.5347577E-05","0","collocation"
"du_dx_plus_u_equals_0","3.35","0.0350843541","0.0247223633","0.0378702138","0.0027858597","0.0027858597","7.761014E-06","-0.0297074881","0.0081627256","6.663009E-05","0","validation"
"du_dx_plus_u_equals_0","3.36666667","0.0345044607","0.0447890275","0.0380386061","0.0035341454","0.0035341454","1.2490184E-05","-0.0295267456","0.0085118605","7.2451769E-05","0","collocation"
"du_dx_plus_u_equals_0","3.38333333","0.0339341522","0.0400016282","0.0376284419","0.0036942898","0.0036942898","1.3647777E-05","-0.0293863618","0.0082420801","6.7931885E-05","0","collocation"
"du_dx_plus_u_equals_0","3.4","0.03337327","0.029510543","0.0379290615","0.0045557916","0.0045557916","2.0755237E-05","-0.0292956809","0.0086333806","7.453526E-05","0","observation"
"du_dx_plus_u_equals_0","3.41666667","0.0328216583","0.0400370554","0.0359921568","0.0031704984","0.0031704984","1.005206E-05","-0.0292630743","0.0067290825","4.5280551E-05","0","collocation"
"du_dx_plus_u_equals_0","3.43333333","0.032279164","0.0226321437","0.0355886449","0.0033094808","0.0033094808","1.0952663E-05","-0.0292957061","0.0062929388","3.9601079E-05","0","collocation"
"du_dx_plus_u_equals_0","3.45","0.0317456364","0.0258521309","0.0363329567","0.0045873203","0.0045873203","2.1043507E-05","-0.0293993284","0.0069336282","4.80752E-05","0","validation"
"du_dx_plus_u_equals_0","3.46666667","0.0312209272","0.0223005322","0.0356147818","0.0043938546","0.0043938546","1.9305958E-05","-0.0295781096","0.0060366722","3.6441411E-05","0","collocation"
"du_dx_plus_u_equals_0","3.48333333","0.0307048906","0.0352435813","0.0342132686","0.003508378","0.003508378","1.2308716E-05","-0.0298344983","0.0043787703","1.9173629E-05","0","collocation"
"du_dx_plus_u_equals_0","3.5","0.0301973834","0.0413727258","0.0333692987","0.0031719152","0.0031719152","1.0061046E-05","-0.0301691264","0.0032001722","1.0241102E-05","0","observation"
"du_dx_plus_u_equals_0","3.51666667","0.0296982646","0.0227608416","0.0343297696","0.004631505","0.004631505","2.1450838E-05","-0.0305807525","0.0037490171","1.4055129E-05","0","collocation"
"du_dx_plus_u_equals_0","3.53333333","0.0292073954","0.0345542107","0.0323952215","0.003187826","0.003187826","1.0162235E-05","-0.0310662449","0.0013289766","1.766179E-06","0","collocation"
"du_dx_plus_u_equals_0","3.55","0.0287246397","0.0301901772","0.0318176705","0.0030930308","0.0030930308","9.56684E-06","-0.0316206066","0.0001970639","3.8834E-08","0","validation"
"du_dx_plus_u_equals_0","3.56666667","0.0282498631","0.0287738238","0.0317169046","0.0034670415","0.0034670415","1.2020377E-05","-0.0322370392","-0.0005201345","2.7054E-07","0","collocation"
"du_dx_plus_u_equals_0","3.58333333","0.027782934","0.0265583413","0.0308541583","0.0030712244","0.0030712244","9.432419E-06","-0.0329070448","-0.0020528865","4.214343E-06","0","collocation"
"du_dx_plus_u_equals_0","3.6","0.0273237224","0.017664744","0.029931796","0.0026080735","0.0026080735","6.802048E-06","-0.0336205642","-0.0036887682","1.3607011E-05","0","observation"
"du_dx_plus_u_equals_0","3.61666667","0.026872101","0.0326752616","0.030725474","0.0038533729","0.0038533729","1.4848483E-05","-0.0343661463","-0.0036406723","1.3254495E-05","0","collocation"
"du_dx_plus_u_equals_0","3.63333333","0.0264279443","0.0273555899","0.0289945777","0.0025666334","0.0025666334","6.587607E-06","-0.0351311474","-0.0061365697","3.7657488E-05","0","collocation"
"du_dx_plus_u_equals_0","3.65","0.0259911288","0.0325954679","0.0299847763","0.0039936475","0.0039936475","1.594922E-05","-0.0359019543","-0.005917178","3.5012996E-05","0","validation"
"du_dx_plus_u_equals_0","3.66666667","0.0255615332","0.0202217192","0.0291456725","0.0035841393","0.0035841393","1.2846054E-05","-0.0366642277","-0.0075185553","5.6528673E-05","0","collocation"
"du_dx_plus_u_equals_0","3.68333333","0.0251390382","0.0200067691","0.0284331259","0.0032940876","0.0032940876","1.0851013E-05","-0.0374031601","-0.0089700343","8.0461515E-05","0","collocation"
"du_dx_plus_u_equals_0","3.7","0.0247235265","0.0207707439","0.0263822693","0.0016587428","0.0016587428","2.751428E-06","-0.0381037434","-0.0117214741","0.000137392956","0","observation"
"du_dx_plus_u_equals_0","3.71666667","0.0243148825","0.0310387671","0.027285232","0.0029703495","0.0029703495","8.822976E-06","-0.0387510411","-0.0114658091","0.000131464779","0","collocation"
"du_dx_plus_u_equals_0","3.73333333","0.0239129929","0.0227791433","0.0251643151","0.0012513222","0.0012513222","1.565807E-06","-0.0393304595","-0.0141661445","0.000200679649","0","collocation"
"du_dx_plus_u_equals_0","3.75","0.0235177459","0.0116503075","0.0256124695","0.0020947236","0.0020947236","4.387867E-06","-0.0398280122","-0.0142155427","0.000202081656","0","validation"
"du_dx_plus_u_equals_0","3.76666667","0.0231290317","0.0170662598","0.0252284729","0.0020994412","0.0020994412","4.407653E-06","-0.0402305739","-0.015002101","0.000225063034","0","collocation"
"du_dx_plus_u_equals_0","3.78333333","0.0227467424","0.0187683288","0.0232070541","0.0004603116","0.0004603116","2.11887E-07","-0.0405261178","-0.0173190637","0.000299949968","0","collocation"
"du_dx_plus_u_equals_0","3.8","0.0223707719","0.0337239203","0.0231476163","0.0007768444","0.0007768444","6.03487E-07","-0.0407039326","-0.0175563163","0.000308224241","0","observation"
"du_dx_plus_u_equals_0","3.81666667","0.0220010155","0.0290134665","0.0234691913","0.0014681757","0.0014681757","2.15554E-06","-0.0407548151","-0.0172856239","0.000298792792","0","collocation"
"du_dx_plus_u_equals_0","3.83333333","0.0216373707","0.033499687","0.0225662481","0.0009288774","0.0009288774","8.62813E-07","-0.0406712355","-0.0181049874","0.000327790568","0","collocation"
"du_dx_plus_u_equals_0","3.85","0.0212797364","0.0195583672","0.0211073363","-0.0001724002","0.0001724002","2.9722E-08","-0.0404474707","-0.0193401344","0.0003740408","0","validation"
"du_dx_plus_u_equals_0","3.86666667","0.0209280133","0.0275671844","0.0199285045","-0.0009995088","0.0009995088","9.99018E-07","-0.0400797068","-0.0201512023","0.000406070952","0","collocation"
"du_dx_plus_u_equals_0","3.88333333","0.0205821037","0.0126682559","0.0205557819","-2.63218E-05","2.63218E-05","6.93E-10","-0.0395661051","-0.0190103232","0.000361392389","0","collocation"
"du_dx_plus_u_equals_0","3.9","0.0202419114","0.0116659467","0.0191362401","-0.0011056714","0.0011056714","1.222509E-06","-0.0389068346","-0.0197705945","0.000390876408","0","observation"
"du_dx_plus_u_equals_0","3.91666667","0.0199073421","0.013485259","0.0179588484","-0.0019484936","0.0019484936","3.796627E-06","-0.0381040678","-0.0201452194","0.000405829863","0","collocation"
"du_dx_plus_u_equals_0","3.93333333","0.0195783027","0.0206013243","0.0174970582","-0.0020812444","0.0020812444","4.331578E-06","-0.0371619424","-0.0196648842","0.000386707669","0","collocation"
"du_dx_plus_u_equals_0","3.95","0.0192547018","0.0280933003","0.0182424285","-0.0010122733","0.0010122733","1.024697E-06","-0.0360864885","-0.01784406","0.000318410478","0","validation"
"du_dx_plus_u_equals_0","3.96666667","0.0189364495","0.021166879","0.0162991567","-0.0026372928","0.0026372928","6.955313E-06","-0.0348855245","-0.0185863677","0.000345453066","0","collocation"
"du_dx_plus_u_equals_0","3.98333333","0.0186234576","0.026623328","0.015640724","-0.0029827335","0.0029827335","8.896699E-06","-0.0335685226","-0.0179277986","0.000321405963","0","collocation"
"du_dx_plus_u_equals_0","4","0.0183156389","0.0149758185","0.0165731445","-0.0017424943","0.0017424943","3.036287E-06","-0.0321464482","-0.0155733036","0.000242527786","0","observation"
"du_dx_plus_u_equals_0","4.01666667","0.018012908","0.027706428","0.0151965683","-0.0028163397","0.0028163397","7.931769E-06","-0.0306315749","-0.0154350066","0.000238239428","0","collocation"
"du_dx_plus_u_equals_0","4.03333333","0.0177151808","0.0103029286","0.0155128311","-0.0022023497","0.0022023497","4.850344E-06","-0.0290372806","-0.0135244496","0.000182910736","0","collocation"
"du_dx_plus_u_equals_0","4.05","0.0174223746","0.0237892349","0.0146136132","-0.0028087614","0.0028087614","7.889141E-06","-0.0273778278","-0.0127642146","0.000162925174","0","validation"
"du_dx_plus_u_equals_0","4.06666667","0.0171344081","0.0137392848","0.0128169288","-0.0043174793","0.0043174793","1.8640627E-05","-0.0256681314","-0.0128512026","0.000165153408","0","collocation"
"du_dx_plus_u_equals_0","4.08333333","0.0168512013","0.0083032769","0.0130744893","-0.003776712","0.003776712","1.4263553E-05","-0.0239235209","-0.0108490316","0.000117701486","0","collocation"
"du_dx_plus_u_equals_0","4.1","0.0165726754","0.0073511627","0.0132835752","-0.0032891002","0.0032891002","1.081818E-05","-0.0221594986","-0.0088759234","7.8782017E-05","0","observation"
"du_dx_plus_u_equals_0","4.11666667","0.0162987532","0.0234150124","0.013626248","-0.0026725052","0.0026725052","7.142284E-06","-0.0203915009","-0.0067652529","4.5768647E-05","0","collocation"
"du_dx_plus_u_equals_0","4.13333333","0.0160293585","0.0115859966","0.0130884344","-0.0029409241","0.0029409241","8.649035E-06","-0.0186346642","-0.0055462298","3.0760665E-05","0","collocation"
"du_dx_plus_u_equals_0","4.15","0.0157644165","0.0099016897","0.0113171934","-0.0044472231","0.0044472231","1.9777793E-05","-0.0169036024","-0.005586409","3.1207966E-05","0","validation"
"du_dx_plus_u_equals_0","4.16666667","0.0155038536","0.0187161882","0.0118567212","-0.0036471324","0.0036471324","1.3301575E-05","-0.0152121978","-0.0033554766","1.1259223E-05","0","collocation"
"du_dx_plus_u_equals_0","4.18333333","0.0152475974","0.0254804459","0.0112720443","-0.0039755531","0.0039755531","1.5805022E-05","-0.0135734092","-0.0023013648","5.29628E-06","0","collocation"
"du_dx_plus_u_equals_0","4.2","0.0149955768","0.0123697204","0.0109396634","-0.0040559135","0.0040559135","1.6450434E-05","-0.0119991015","-0.0010594381","1.122409E-06","0","observation"
"du_dx_plus_u_equals_0","4.21666667","0.0147477217","0.0080763476","0.0116922007","-0.003055521","0.003055521","9.336209E-06","-0.0104998979","0.0011923028","1.421586E-06","0","collocation"
"du_dx_plus_u_equals_0","4.23333333","0.0145039633","0.0078375328","0.0106568839","-0.0038470795","0.0038470795","1.480002E-05","-0.0090850579","0.001571826","2.470637E-06","0","collocation"
"du_dx_plus_u_equals_0","4.25","0.0142642339","0.0216177677","0.010041988","-0.0042222459","0.0042222459","1.7827361E-05","-0.0077623823","0.0022796056","5.196602E-06","0","validation"
"du_dx_plus_u_equals_0","4.26666667","0.0140284669","0.0036195177","0.0112884159","-0.002740051","0.002740051","7.50788E-06","-0.0065381465","0.0047502693","2.2565059E-05","0","collocation"
"du_dx_plus_u_equals_0","4.28333333","0.0137965967","0.0120369196","0.0113470272","-0.0024495695","0.0024495695","6.000391E-06","-0.0054170621","0.0059299651","3.5164486E-05","0","collocation"
"du_dx_plus_u_equals_0","4.3","0.013568559","0.0133828447","0.0105228102","-0.0030457488","0.0030457488","9.276586E-06","-0.0044022677","0.0061205425","3.746104E-05","0","observation"
"du_dx_plus_u_equals_0","4.31666667","0.0133442905","0.0241735063","0.0105115694","-0.0028327211","0.0028327211","8.024309E-06","-0.0034953478","0.0070162216","4.9227365E-05","0","collocation"
"du_dx_plus_u_equals_0","4.33333333","0.0131237287","0.0016681772","0.0095858444","-0.0035378844","0.0035378844","1.2516626E-05","-0.002696378","0.0068894664","4.7464747E-05","0","collocation"
"du_dx_plus_u_equals_0","4.35","0.0129068126","0.0020284526","0.009688645","-0.0032181676","0.0032181676","1.0356602E-05","-0.0020039968","0.0076846483","5.9053819E-05","0","validation"
"du_dx_plus_u_equals_0","4.36666667","0.0126934817","0.0245426767","0.0109342527","-0.0017592291","0.0017592291","3.094887E-06","-0.0014154997","0.009518753","9.0606659E-05","0","collocation"
"du_dx_plus_u_equals_0","4.38333333","0.0124836769","0.0029938564","0.0105012307","-0.0019824462","0.0019824462","3.930093E-06","-0.0009269551","0.0095742756","9.1666753E-05","0","collocation"
"du_dx_plus_u_equals_0","4.4","0.0122773399","0.0027211959","0.0104123556","-0.0018649843","0.0018649843","3.478167E-06","-0.0005333382","0.0098790174","9.7594985E-05","0","observation"
"du_dx_plus_u_equals_0","4.41666667","0.0120744133","0.0218578488","0.0112700439","-0.0008043694","0.0008043694","6.4701E-07","-0.0002286792","0.0110413647","0.000121911733","0","collocation"
"du_dx_plus_u_equals_0","4.43333333","0.0118748408","0.0220237003","0.0101926492","-0.0016821916","0.0016821916","2.829769E-06","-6.2252E-06","0.010186424","0.000103763234","0","collocation"
"du_dx_plus_u_equals_0","4.45","0.011678567","0.0065145608","0.0098675658","-0.0018110011","0.0018110011","3.279725E-06","0.0001413915","0.0100089573","0.000100179227","0","validation"
"du_dx_plus_u_equals_0","4.46666667","0.0114855372","0.0130613426","0.0112705856","-0.0002149516","0.0002149516","4.6204E-08","0.0002219789","0.0114925645","0.000132079039","0","collocation"
"du_dx_plus_u_equals_0","4.48333333","0.011295698","0.0114934546","0.0104800274","-0.0008156706","0.0008156706","6.65318E-07","0.0002436098","0.0107236372","0.000114996395","0","collocation"
"du_dx_plus_u_equals_0","4.5","0.0111089965","0.0102041305","0.0101185105","-0.000990486","0.000990486","9.81063E-07","0.0002144485","0.0103329591","0.000106770043","0","observation"
"du_dx_plus_u_equals_0","4.51666667","0.010925381","0.0177606651","0.0101420308","-0.0007833502","0.0007833502","6.13638E-07","0.0001425829","0.0102846137","0.000105773279","0","collocation"
"du_dx_plus_u_equals_0","4.53333333","0.0107448003","0.0116104639","0.0098046957","-0.0009401047","0.0009401047","8.83797E-07","3.58651E-05","0.0098405608","9.6836637E-05","0","collocation"
"du_dx_plus_u_equals_0","4.55","0.0105672044","0.0123128778","0.0100093503","-0.0005578541","0.0005578541","3.11201E-07","-9.82363E-05","0.009911114","9.8230181E-05","0","validation"
"du_dx_plus_u_equals_0","4.56666667","0.0103925439","0.0118560576","0.0097922245","-0.0006003194","0.0006003194","3.60383E-07","-0.0002527699","0.0095394546","9.1001194E-05","0","collocation"
"du_dx_plus_u_equals_0","4.58333333","0.0102207702","0.0075588648","0.0098906411","-0.0003301291","0.0003301291","1.08985E-07","-0.0004214185","0.0094692225","8.9666176E-05","0","collocation"
"du_dx_plus_u_equals_0","4.6","0.0100518357","0.0026733872","0.0108644252","0.0008125894","0.0008125894","6.60302E-07","-0.0005985983","0.0102658268","0.0001053872","0","observation"
"du_dx_plus_u_equals_0","4.61666667","0.0098856935","0.0104771537","0.0096089392","-0.0002767543","0.0002767543","7.6593E-08","-0.0007795375","0.0088294017","7.7958335E-05","0","collocation"
"du_dx_plus_u_equals_0","4.63333333","0.0097222974","0.0055980253","0.0102088689","0.0004865715","0.0004865715","2.36752E-07","-0.0009603343","0.0092485346","8.5535392E-05","0","collocation"
"du_dx_plus_u_equals_0","4.65","0.0095616019","0.0052772869","0.009502458","-5.91439E-05","5.91439E-05","3.498E-09","-0.0011379942","0.0083644639","6.9964256E-05","0","validation"
"du_dx_plus_u_equals_0","4.66666667","0.0094035626","0.013737278","0.0108241245","0.0014205619","0.0014205619","2.017996E-06","-0.001310444","0.0095136805","9.0510116E-05","0","collocation"
"du_dx_plus_u_equals_0","4.68333333","0.0092481353","0.0031813923","0.010540598","0.0012924626","0.0012924626","1.67046E-06","-0.0014765259","0.0090640721","8.2157403E-05","0","collocation"
"du_dx_plus_u_equals_0","4.7","0.0090952771","0.0019933545","0.009651144","0.0005558669","0.0005558669","3.08988E-07","-0.0016359697","0.0080151743","6.4243019E-05","0","observation"
"du_dx_plus_u_equals_0","4.71666667","0.0089449454","0.0178631016","0.0098664687","0.0009215233","0.0009215233","8.49205E-07","-0.0017893464","0.0080771223","6.5239904E-05","0","collocation"
"du_dx_plus_u_equals_0","4.73333333","0.0087970985","0.0109252271","0.0106815036","0.0018844052","0.0018844052","3.550983E-06","-0.0019380026","0.008743501","7.644881E-05","0","collocation"
"du_dx_plus_u_equals_0","4.75","0.0086516952","0.0191295523","0.0099688536","0.0013171584","0.0013171584","1.734906E-06","-0.0020839792","0.0078848744","6.2171244E-05","0","validation"
"du_dx_plus_u_equals_0","4.76666667","0.0085086953","-0.0029823307","0.0108585844","0.0023498891","0.0023498891","5.521979E-06","-0.0022299157","0.0086286687","7.4453923E-05","0","collocation"
"du_dx_plus_u_equals_0","4.78333333","0.0083680589","0.0114883362","0.0101034936","0.0017354347","0.0017354347","3.011734E-06","-0.0023789422","0.0077245514","5.9668695E-05","0","collocation"
"du_dx_plus_u_equals_0","4.8","0.008229747","0.0053117616","0.0101850043","0.0019552573","0.0019552573","3.823031E-06","-0.0025345628","0.0076504415","5.8529255E-05","0","observation"
"du_dx_plus_u_equals_0","4.81666667","0.0080937213","0.0024328956","0.0105283602","0.0024346389","0.0024346389","5.927466E-06","-0.0027005314","0.0078278288","6.1274903E-05","0","collocation"
"du_dx_plus_u_equals_0","4.83333333","0.0079599438","-0.003544537","0.0101706937","0.0022107499","0.0022107499","4.887415E-06","-0.0028807243","0.0072899695","5.3143655E-05","0","collocation"
"du_dx_plus_u_equals_0","4.85","0.0078283775","0.0196840489","0.0105570304","0.0027286528","0.0027286528","7.445546E-06","-0.003079011","0.0074780193","5.5920773E-05","0","validation"
"du_dx_plus_u_equals_0","4.86666667","0.0076989858","0.0100471095","0.0103943657","0.0026953799","0.0026953799","7.265073E-06","-0.0032991277","0.007095238","5.0342403E-05","0","collocation"
"du_dx_plus_u_equals_0","4.88333333","0.0075717328","0.0017298435","0.0089667282","0.0013949954","0.0013949954","1.946012E-06","-0.0035445538","0.0054221744","2.9399975E-05","0","collocation"
"du_dx_plus_u_equals_0","4.9","0.0074465831","0.0137190847","0.0101798675","0.0027332844","0.0027332844","7.470844E-06","-0.0038183964","0.0063614711","4.0468314E-05","0","observation"
"du_dx_plus_u_equals_0","4.91666667","0.0073235019","0.0111105856","0.0102232282","0.0028997264","0.0028997264","8.408413E-06","-0.0041232838","0.0060999444","3.7209322E-05","0","collocation"
"du_dx_plus_u_equals_0","4.93333333","0.007202455","0.00161541","0.0094023071","0.0021998521","0.0021998521","4.839349E-06","-0.0044612699","0.0049410372","2.4413849E-05","0","collocation"
"du_dx_plus_u_equals_0","4.95","0.0070834089","0.0124935464","0.0098679814","0.0027845725","0.0027845725","7.753844E-06","-0.0048337529","0.0050342285","2.5343457E-05","0","validation"
"du_dx_plus_u_equals_0","4.96666667","0.0069663305","-0.0009771791","0.009952478","0.0029861475","0.0029861475","8.917077E-06","-0.0052414081","0.00471107","2.219418E-05","0","collocation"
"du_dx_plus_u_equals_0","4.98333333","0.0068511872","-0.0041235264","0.0093700001","0.0025188129","0.0025188129","6.344419E-06","-0.005684137","0.0036858631","1.3585587E-05","0","collocation"
"du_dx_plus_u_equals_0","5","0.006737947","0.0062048508","0.0085299917","0.0017920447","0.0017920447","3.211424E-06","-0.0061610342","0.0023689576","5.61196E-06","0","observation"
